[SIM] listening on 127.0.0.1:18888, mode=ÐÄÌø¾²Ä¬
[SIM] client connected: 127.0.0.1:56309
[RX] cmd=0x01, seq=0x0001, paramLen=28, time=12:09:14
EA 27 00 01 01 00 90 05 34 01 00 01 38 39 38 36 30 38 35 36 31 31 32 34 39 30 32 39 38 36 36 30 02 04 00 00 00 00 00 00 10 69
[TX] cmd=0x01, seq=0x0001, paramLen=0
EA 0B 00 01 01 00 90 05 34 01 00 01 58 FC
[RX] cmd=0x81, seq=0x0002, paramLen=5, time=12:09:15
EA 10 00 01 01 00 90 05 34 02 00 81 02 1E FC FF FF BA DB
[SIM] heartbeat reply intentionally suppressed; TCP remains connected
[RX] cmd=0x81, seq=0x0003, paramLen=5, time=12:09:25
EA 10 00 01 01 00 90 05 34 03 00 81 02 1E FC FF FF 7B 17
[SIM] heartbeat reply intentionally suppressed; TCP remains connected
[RX] cmd=0x81, seq=0x0004, paramLen=5, time=12:09:35
EA 10 00 01 01 00 90 05 34 04 00 81 02 1E FC FF FF 3A F1
[SIM] heartbeat reply intentionally suppressed; TCP remains connected
[SIM] client disconnected
[SIM] client connected: 127.0.0.1:56361
[RX] cmd=0x01, seq=0x0001, paramLen=28, time=12:09:51
EA 27 00 01 01 00 90 05 34 01 00 01 38 39 38 36 30 38 35 36 31 31 32 34 39 30 32 39 38 36 36 30 02 04 00 00 00 00 00 00 10 69
[TX] cmd=0x01, seq=0x0002, paramLen=0
EA 0B 00 01 01 00 90 05 34 02 00 01 A8 FC
[RX] cmd=0x81, seq=0x0002, paramLen=5, time=12:09:52
EA 10 00 01 01 00 90 05 34 02 00 81 02 1E FC FF FF BA DB
[SIM] heartbeat reply intentionally suppressed; TCP remains connected
[RX] cmd=0x81, seq=0x0003, paramLen=5, time=12:10:02
EA 10 00 01 01 00 90 05 34 03 00 81 02 1E FC FF FF 7B 17
[SIM] heartbeat reply intentionally suppressed; TCP remains connected
[RX] cmd=0x81, seq=0x0004, paramLen=5, time=12:10:12
EA 10 00 01 01 00 90 05 34 04 00 81 02 1E FC FF FF 3A F1
[SIM] heartbeat reply intentionally suppressed; TCP remains connected
[SIM] client disconnected
[SIM] client connected: 127.0.0.1:56417
[RX] cmd=0x01, seq=0x0001, paramLen=28, time=12:10:28
EA 27 00 01 01 00 90 05 34 01 00 01 38 39 38 36 30 38 35 36 31 31 32 34 39 30 32 39 38 36 36 30 02 04 00 00 00 00 00 00 10 69
[TX] cmd=0x01, seq=0x0003, paramLen=0
EA 0B 00 01 01 00 90 05 34 03 00 01 F9 3C
[RX] cmd=0x81, seq=0x0002, paramLen=5, time=12:10:29
EA 10 00 01 01 00 90 05 34 02 00 81 02 1E FC FF FF BA DB
[SIM] heartbeat reply intentionally suppressed; TCP remains connected
[RX] cmd=0x81, seq=0x0003, paramLen=5, time=12:10:39
EA 10 00 01 01 00 90 05 34 03 00 81 02 1E FC FF FF 7B 17
[SIM] heartbeat reply intentionally suppressed; TCP remains connected
[RX] cmd=0x81, seq=0x0004, paramLen=5, time=12:10:49
EA 10 00 01 01 00 90 05 34 04 00 81 02 1E FC FF FF 3A F1
[SIM] heartbeat reply intentionally suppressed; TCP remains connected
[SIM] client disconnected
[SIM] client connected: 127.0.0.1:56484
[RX] cmd=0x01, seq=0x0001, paramLen=28, time=12:11:05
EA 27 00 01 01 00 90 05 34 01 00 01 38 39 38 36 30 38 35 36 31 31 32 34 39 30 32 39 38 36 36 30 02 04 00 00 00 00 00 00 10 69
[TX] cmd=0x01, seq=0x0004, paramLen=0
EA 0B 00 01 01 00 90 05 34 04 00 01 48 FD
[RX] cmd=0x81, seq=0x0002, paramLen=5, time=12:11:06
EA 10 00 01 01 00 90 05 34 02 00 81 02 1E FC FF FF BA DB
[SIM] heartbeat reply intentionally suppressed; TCP remains connected
[RX] cmd=0x81, seq=0x0003, paramLen=5, time=12:11:16
EA 10 00 01 01 00 90 05 34 03 00 81 02 1E FC FF FF 7B 17
[SIM] heartbeat reply intentionally suppressed; TCP remains connected
[RX] cmd=0x81, seq=0x0004, paramLen=5, time=12:11:26
EA 10 00 01 01 00 90 05 34 04 00 81 02 1E FC FF FF 3A F1
[SIM] heartbeat reply intentionally suppressed; TCP remains connected
[SIM] client disconnected
[SIM] client connected: 127.0.0.1:56514
[RX] cmd=0x01, seq=0x0001, paramLen=28, time=12:11:43
EA 27 00 01 01 00 90 05 34 01 00 01 38 39 38 36 30 38 35 36 31 31 32 34 39 30 32 39 38 36 36 30 02 04 00 00 00 00 00 00 10 69
[TX] cmd=0x01, seq=0x0005, paramLen=0
EA 0B 00 01 01 00 90 05 34 05 00 01 19 3D
[RX] cmd=0x81, seq=0x0002, paramLen=5, time=12:11:43
EA 10 00 01 01 00 90 05 34 02 00 81 02 1E FC FF FF BA DB
[SIM] heartbeat reply intentionally suppressed; TCP remains connected
[RX] cmd=0x81, seq=0x0003, paramLen=5, time=12:11:54
EA 10 00 01 01 00 90 05 34 03 00 81 02 1E FC FF FF 7B 17
[SIM] heartbeat reply intentionally suppressed; TCP remains connected
[RX] cmd=0x81, seq=0x0004, paramLen=5, time=12:12:04
EA 10 00 01 01 00 90 05 34 04 00 81 02 1E FC FF FF 3A F1
[SIM] heartbeat reply intentionally suppressed; TCP remains connected
[SIM] client disconnected
[SIM] client connected: 127.0.0.1:56578
[RX] cmd=0x01, seq=0x0001, paramLen=28, time=12:12:20
EA 27 00 01 01 00 90 05 34 01 00 01 38 39 38 36 30 38 35 36 31 31 32 34 39 30 32 39 38 36 36 30 02 04 00 00 00 00 00 00 10 69
[TX] cmd=0x01, seq=0x0006, paramLen=0
EA 0B 00 01 01 00 90 05 34 06 00 01 E9 3D
[RX] cmd=0x81, seq=0x0002, paramLen=5, time=12:12:20
EA 10 00 01 01 00 90 05 34 02 00 81 02 1E FC FF FF BA DB
[SIM] heartbeat reply intentionally suppressed; TCP remains connected
[RX] cmd=0x81, seq=0x0003, paramLen=5, time=12:12:30
EA 10 00 01 01 00 90 05 34 03 00 81 02 1E FC FF FF 7B 17
[SIM] heartbeat reply intentionally suppressed; TCP remains connected
[RX] cmd=0x81, seq=0x0004, paramLen=5, time=12:12:40
EA 10 00 01 01 00 90 05 34 04 00 81 02 1E FC FF FF 3A F1
[SIM] heartbeat reply intentionally suppressed; TCP remains connected
[SIM] client disconnected
[SIM] client connected: 127.0.0.1:56652
[RX] cmd=0x01, seq=0x0001, paramLen=28, time=12:12:57
EA 27 00 01 01 00 90 05 34 01 00 01 38 39 38 36 30 38 35 36 31 31 32 34 39 30 32 39 38 36 36 30 02 04 00 00 00 00 00 00 10 69
[TX] cmd=0x01, seq=0x0007, paramLen=0
EA 0B 00 01 01 00 90 05 34 07 00 01 B8 FD
[RX] cmd=0x81, seq=0x0002, paramLen=5, time=12:12:58
EA 10 00 01 01 00 90 05 34 02 00 81 02 1E FC FF FF BA DB
[SIM] heartbeat reply intentionally suppressed; TCP remains connected
[RX] cmd=0x81, seq=0x0003, paramLen=5, time=12:13:08
EA 10 00 01 01 00 90 05 34 03 00 81 02 1E FC FF FF 7B 17
[SIM] heartbeat reply intentionally suppressed; TCP remains connected
[RX] cmd=0x81, seq=0x0004, paramLen=5, time=12:13:18
EA 10 00 01 01 00 90 05 34 04 00 81 02 1E FC FF FF 3A F1
[SIM] heartbeat reply intentionally suppressed; TCP remains connected
[SIM] client disconnected
[SIM] client connected: 127.0.0.1:56720
[RX] cmd=0x01, seq=0x0001, paramLen=28, time=12:13:34
EA 27 00 01 01 00 90 05 34 01 00 01 38 39 38 36 30 38 35 36 31 31 32 34 39 30 32 39 38 36 36 30 02 04 00 00 00 00 00 00 10 69
[TX] cmd=0x01, seq=0x0008, paramLen=0
EA 0B 00 01 01 00 90 05 34 08 00 01 88 FE
[RX] cmd=0x81, seq=0x0002, paramLen=5, time=12:13:35
EA 10 00 01 01 00 90 05 34 02 00 81 02 1E FC FF FF BA DB
[SIM] heartbeat reply intentionally suppressed; TCP remains connected
[RX] cmd=0x81, seq=0x0003, paramLen=5, time=12:13:45
EA 10 00 01 01 00 90 05 34 03 00 81 02 1E FC FF FF 7B 17
[SIM] heartbeat reply intentionally suppressed; TCP remains connected
[RX] cmd=0x81, seq=0x0004, paramLen=5, time=12:13:55
EA 10 00 01 01 00 90 05 34 04 00 81 02 1E FC FF FF 3A F1
[SIM] heartbeat reply intentionally suppressed; TCP remains connected
[SIM] client disconnected
[SIM] client connected: 127.0.0.1:56777
[RX] cmd=0x01, seq=0x0001, paramLen=28, time=12:14:11
EA 27 00 01 01 00 90 05 34 01 00 01 38 39 38 36 30 38 35 36 31 31 32 34 39 30 32 39 38 36 36 30 02 04 00 00 00 00 00 00 10 69
[TX] cmd=0x01, seq=0x0009, paramLen=0
EA 0B 00 01 01 00 90 05 34 09 00 01 D9 3E
[RX] cmd=0x81, seq=0x0002, paramLen=5, time=12:14:11
EA 10 00 01 01 00 90 05 34 02 00 81 02 1E FC FF FF BA DB
[SIM] heartbeat reply intentionally suppressed; TCP remains connected
[RX] cmd=0x81, seq=0x0003, paramLen=5, time=12:14:22
EA 10 00 01 01 00 90 05 34 03 00 81 02 1E FC FF FF 7B 17
[SIM] heartbeat reply intentionally suppressed; TCP remains connected
[RX] cmd=0x81, seq=0x0004, paramLen=5, time=12:14:32
EA 10 00 01 01 00 90 05 34 04 00 81 02 1E FC FF FF 3A F1
[SIM] heartbeat reply intentionally suppressed; TCP remains connected
[SIM] client disconnected
[SIM] client connected: 127.0.0.1:56812
[RX] cmd=0x01, seq=0x0001, paramLen=28, time=12:14:48
EA 27 00 01 01 00 90 05 34 01 00 01 38 39 38 36 30 38 35 36 31 31 32 34 39 30 32 39 38 36 36 30 02 04 00 00 00 00 00 00 10 69
[TX] cmd=0x01, seq=0x000A, paramLen=0
EA 0B 00 01 01 00 90 05 34 0A 00 01 29 3E
[RX] cmd=0x81, seq=0x0002, paramLen=5, time=12:14:49
EA 10 00 01 01 00 90 05 34 02 00 81 02 1E FC FF FF BA DB
[SIM] heartbeat reply intentionally suppressed; TCP remains connected
[RX] cmd=0x81, seq=0x0003, paramLen=5, time=12:14:59
EA 10 00 01 01 00 90 05 34 03 00 81 02 1E FC FF FF 7B 17
[SIM] heartbeat reply intentionally suppressed; TCP remains connected
[RX] cmd=0x81, seq=0x0004, paramLen=5, time=12:15:09
EA 10 00 01 01 00 90 05 34 04 00 81 02 1E FC FF FF 3A F1
[SIM] heartbeat reply intentionally suppressed; TCP remains connected
[SIM] client disconnected
[SIM] client connected: 127.0.0.1:56888
[RX] cmd=0x01, seq=0x0001, paramLen=28, time=12:15:25
EA 27 00 01 01 00 90 05 34 01 00 01 38 39 38 36 30 38 35 36 31 31 32 34 39 30 32 39 38 36 36 30 02 04 00 00 00 00 00 00 10 69
[TX] cmd=0x01, seq=0x000B, paramLen=0
EA 0B 00 01 01 00 90 05 34 0B 00 01 78 FE
[RX] cmd=0x81, seq=0x0002, paramLen=5, time=12:15:26
EA 10 00 01 01 00 90 05 34 02 00 81 02 1E FC FF FF BA DB
[SIM] heartbeat reply intentionally suppressed; TCP remains connected
[RX] cmd=0x81, seq=0x0003, paramLen=5, time=12:15:36
EA 10 00 01 01 00 90 05 34 03 00 81 02 1E FC FF FF 7B 17
[SIM] heartbeat reply intentionally suppressed; TCP remains connected
[RX] cmd=0x81, seq=0x0004, paramLen=5, time=12:15:46
EA 10 00 01 01 00 90 05 34 04 00 81 02 1E FC FF FF 3A F1
[SIM] heartbeat reply intentionally suppressed; TCP remains connected
[SIM] client disconnected
[SIM] client connected: 127.0.0.1:56967
[RX] cmd=0x01, seq=0x0001, paramLen=28, time=12:16:02
EA 27 00 01 01 00 90 05 34 01 00 01 38 39 38 36 30 38 35 36 31 31 32 34 39 30 32 39 38 36 36 30 02 04 00 00 00 00 00 00 10 69
[TX] cmd=0x01, seq=0x000C, paramLen=0
EA 0B 00 01 01 00 90 05 34 0C 00 01 C9 3F
[RX] cmd=0x81, seq=0x0002, paramLen=5, time=12:16:03
EA 10 00 01 01 00 90 05 34 02 00 81 02 1E FC FF FF BA DB
[SIM] heartbeat reply intentionally suppressed; TCP remains connected
[RX] cmd=0x81, seq=0x0003, paramLen=5, time=12:16:13
EA 10 00 01 01 00 90 05 34 03 00 81 02 1E FC FF FF 7B 17
[SIM] heartbeat reply intentionally suppressed; TCP remains connected
[RX] cmd=0x81, seq=0x0004, paramLen=5, time=12:16:23
EA 10 00 01 01 00 90 05 34 04 00 81 02 1E FC FF FF 3A F1
[SIM] heartbeat reply intentionally suppressed; TCP remains connected
[SIM] client disconnected
[SIM] client connected: 127.0.0.1:57032
[RX] cmd=0x01, seq=0x0001, paramLen=28, time=12:16:39
EA 27 00 01 01 00 90 05 34 01 00 01 38 39 38 36 30 38 35 36 31 31 32 34 39 30 32 39 38 36 36 30 02 04 00 00 00 00 00 00 10 69
[TX] cmd=0x01, seq=0x000D, paramLen=0
EA 0B 00 01 01 00 90 05 34 0D 00 01 98 FF
[RX] cmd=0x81, seq=0x0002, paramLen=5, time=12:16:39
EA 10 00 01 01 00 90 05 34 02 00 81 02 1E FC FF FF BA DB
[SIM] heartbeat reply intentionally suppressed; TCP remains connected
[RX] cmd=0x81, seq=0x0003, paramLen=5, time=12:16:49
EA 10 00 01 01 00 90 05 34 03 00 81 02 1E FC FF FF 7B 17
[SIM] heartbeat reply intentionally suppressed; TCP remains connected
[RX] cmd=0x81, seq=0x0004, paramLen=5, time=12:17:00
EA 10 00 01 01 00 90 05 34 04 00 81 02 1E FC FF FF 3A F1
[SIM] heartbeat reply intentionally suppressed; TCP remains connected
[SIM] client disconnected
[SIM] client connected: 127.0.0.1:57095
[RX] cmd=0x01, seq=0x0001, paramLen=28, time=12:17:15
EA 27 00 01 01 00 90 05 34 01 00 01 38 39 38 36 30 38 35 36 31 31 32 34 39 30 32 39 38 36 36 30 02 04 00 00 00 00 00 00 10 69
[TX] cmd=0x01, seq=0x000E, paramLen=0
EA 0B 00 01 01 00 90 05 34 0E 00 01 68 FF
[RX] cmd=0x81, seq=0x0002, paramLen=5, time=12:17:16
EA 10 00 01 01 00 90 05 34 02 00 81 02 1E FC FF FF BA DB
[SIM] heartbeat reply intentionally suppressed; TCP remains connected
[RX] cmd=0x81, seq=0x0003, paramLen=5, time=12:17:26
EA 10 00 01 01 00 90 05 34 03 00 81 02 1E FC FF FF 7B 17
[SIM] heartbeat reply intentionally suppressed; TCP remains connected
[RX] cmd=0x81, seq=0x0004, paramLen=5, time=12:17:36
EA 10 00 01 01 00 90 05 34 04 00 81 02 1E FC FF FF 3A F1
[SIM] heartbeat reply intentionally suppressed; TCP remains connected
[SIM] client disconnected
[SIM] client connected: 127.0.0.1:57154
[RX] cmd=0x01, seq=0x0001, paramLen=28, time=12:17:52
EA 27 00 01 01 00 90 05 34 01 00 01 38 39 38 36 30 38 35 36 31 31 32 34 39 30 32 39 38 36 36 30 02 04 00 00 00 00 00 00 10 69
[TX] cmd=0x01, seq=0x000F, paramLen=0
EA 0B 00 01 01 00 90 05 34 0F 00 01 39 3F
[RX] cmd=0x81, seq=0x0002, paramLen=5, time=12:17:53
EA 10 00 01 01 00 90 05 34 02 00 81 02 1E FC FF FF BA DB
[SIM] heartbeat reply intentionally suppressed; TCP remains connected
[RX] cmd=0x81, seq=0x0003, paramLen=5, time=12:18:03
EA 10 00 01 01 00 90 05 34 03 00 81 02 1E FC FF FF 7B 17
[SIM] heartbeat reply intentionally suppressed; TCP remains connected
[RX] cmd=0x81, seq=0x0004, paramLen=5, time=12:18:13
EA 10 00 01 01 00 90 05 34 04 00 81 02 1E FC FF FF 3A F1
[SIM] heartbeat reply intentionally suppressed; TCP remains connected
[SIM] client disconnected
[SIM] client connected: 127.0.0.1:57211
[RX] cmd=0x01, seq=0x0001, paramLen=28, time=12:18:30
EA 27 00 01 01 00 90 05 34 01 00 01 38 39 38 36 30 38 35 36 31 31 32 34 39 30 32 39 38 36 36 30 02 04 00 00 00 00 00 00 10 69
[TX] cmd=0x01, seq=0x0010, paramLen=0
EA 0B 00 01 01 00 90 05 34 10 00 01 08 F9
[RX] cmd=0x81, seq=0x0002, paramLen=5, time=12:18:31
EA 10 00 01 01 00 90 05 34 02 00 81 02 1E FC FF FF BA DB
[SIM] heartbeat reply intentionally suppressed; TCP remains connected
[RX] cmd=0x81, seq=0x0003, paramLen=5, time=12:18:41
EA 10 00 01 01 00 90 05 34 03 00 81 02 1E FC FF FF 7B 17
[SIM] heartbeat reply intentionally suppressed; TCP remains connected
[RX] cmd=0x81, seq=0x0004, paramLen=5, time=12:18:51
EA 10 00 01 01 00 90 05 34 04 00 81 02 1E FC FF FF 3A F1
[SIM] heartbeat reply intentionally suppressed; TCP remains connected
[SIM] client disconnected
[SIM] client connected: 127.0.0.1:57265
[RX] cmd=0x01, seq=0x0001, paramLen=28, time=12:19:07
EA 27 00 01 01 00 90 05 34 01 00 01 38 39 38 36 30 38 35 36 31 31 32 34 39 30 32 39 38 36 36 30 02 04 00 00 00 00 00 00 10 69
[TX] cmd=0x01, seq=0x0011, paramLen=0
EA 0B 00 01 01 00 90 05 34 11 00 01 59 39
[RX] cmd=0x81, seq=0x0002, paramLen=5, time=12:19:08
EA 10 00 01 01 00 90 05 34 02 00 81 02 1E FC FF FF BA DB
[SIM] heartbeat reply intentionally suppressed; TCP remains connected
[RX] cmd=0x81, seq=0x0003, paramLen=5, time=12:19:18
EA 10 00 01 01 00 90 05 34 03 00 81 02 1E FC FF FF 7B 17
[SIM] heartbeat reply intentionally suppressed; TCP remains connected
[RX] cmd=0x81, seq=0x0004, paramLen=5, time=12:19:28
EA 10 00 01 01 00 90 05 34 04 00 81 02 1E FC FF FF 3A F1
[SIM] heartbeat reply intentionally suppressed; TCP remains connected
[SIM] client disconnected
[SIM] client connected: 127.0.0.1:57297
[RX] cmd=0x01, seq=0x0001, paramLen=28, time=12:19:44
EA 27 00 01 01 00 90 05 34 01 00 01 38 39 38 36 30 38 35 36 31 31 32 34 39 30 32 39 38 36 36 30 02 04 00 00 00 00 00 00 10 69
[TX] cmd=0x01, seq=0x0012, paramLen=0
EA 0B 00 01 01 00 90 05 34 12 00 01 A9 39
[RX] cmd=0x81, seq=0x0002, paramLen=5, time=12:19:44
EA 10 00 01 01 00 90 05 34 02 00 81 02 1E FC FF FF BA DB
[SIM] heartbeat reply intentionally suppressed; TCP remains connected
[RX] cmd=0x81, seq=0x0003, paramLen=5, time=12:19:54
EA 10 00 01 01 00 90 05 34 03 00 81 02 1E FC FF FF 7B 17
[SIM] heartbeat reply intentionally suppressed; TCP remains connected
[RX] cmd=0x81, seq=0x0004, paramLen=5, time=12:20:05
EA 10 00 01 01 00 90 05 34 04 00 81 02 1E FC FF FF 3A F1
[SIM] heartbeat reply intentionally suppressed; TCP remains connected
[SIM] client disconnected
[SIM] client connected: 127.0.0.1:57351
[RX] cmd=0x01, seq=0x0001, paramLen=28, time=12:20:21
EA 27 00 01 01 00 90 05 34 01 00 01 38 39 38 36 30 38 35 36 31 31 32 34 39 30 32 39 38 36 36 30 02 04 00 00 00 00 00 00 10 69
[TX] cmd=0x01, seq=0x0013, paramLen=0
EA 0B 00 01 01 00 90 05 34 13 00 01 F8 F9
[RX] cmd=0x81, seq=0x0002, paramLen=5, time=12:20:22
EA 10 00 01 01 00 90 05 34 02 00 81 02 1E FC FF FF BA DB
[SIM] heartbeat reply intentionally suppressed; TCP remains connected
[RX] cmd=0x81, seq=0x0003, paramLen=5, time=12:20:32
EA 10 00 01 01 00 90 05 34 03 00 81 02 1E FC FF FF 7B 17
[SIM] heartbeat reply intentionally suppressed; TCP remains connected
[RX] cmd=0x81, seq=0x0004, paramLen=5, time=12:20:42
EA 10 00 01 01 00 90 05 34 04 00 81 02 1E FC FF FF 3A F1
[SIM] heartbeat reply intentionally suppressed; TCP remains connected
[SIM] client disconnected
[SIM] client connected: 127.0.0.1:57396
[RX] cmd=0x01, seq=0x0001, paramLen=28, time=12:20:58
EA 27 00 01 01 00 90 05 34 01 00 01 38 39 38 36 30 38 35 36 31 31 32 34 39 30 32 39 38 36 36 30 02 04 00 00 00 00 00 00 10 69
[TX] cmd=0x01, seq=0x0014, paramLen=0
EA 0B 00 01 01 00 90 05 34 14 00 01 49 38
[RX] cmd=0x81, seq=0x0002, paramLen=5, time=12:20:59
EA 10 00 01 01 00 90 05 34 02 00 81 02 1E FC FF FF BA DB
[SIM] heartbeat reply intentionally suppressed; TCP remains connected
[RX] cmd=0x81, seq=0x0003, paramLen=5, time=12:21:09
EA 10 00 01 01 00 90 05 34 03 00 81 02 1E FC FF FF 7B 17
[SIM] heartbeat reply intentionally suppressed; TCP remains connected
[RX] cmd=0x81, seq=0x0004, paramLen=5, time=12:21:19
EA 10 00 01 01 00 90 05 34 04 00 81 02 1E FC FF FF 3A F1
[SIM] heartbeat reply intentionally suppressed; TCP remains connected
[SIM] client disconnected
[SIM] client connected: 127.0.0.1:57438
[RX] cmd=0x01, seq=0x0001, paramLen=28, time=12:21:36
EA 27 00 01 01 00 90 05 34 01 00 01 38 39 38 36 30 38 35 36 31 31 32 34 39 30 32 39 38 36 36 30 02 04 00 00 00 00 00 00 10 69
[TX] cmd=0x01, seq=0x0015, paramLen=0
EA 0B 00 01 01 00 90 05 34 15 00 01 18 F8
[RX] cmd=0x81, seq=0x0002, paramLen=5, time=12:21:36
EA 10 00 01 01 00 90 05 34 02 00 81 02 1E FC FF FF BA DB
[SIM] heartbeat reply intentionally suppressed; TCP remains connected
[RX] cmd=0x81, seq=0x0003, paramLen=5, time=12:21:46
EA 10 00 01 01 00 90 05 34 03 00 81 02 1E FC FF FF 7B 17
[SIM] heartbeat reply intentionally suppressed; TCP remains connected
[RX] cmd=0x81, seq=0x0004, paramLen=5, time=12:21:56
EA 10 00 01 01 00 90 05 34 04 00 81 02 1E FC FF FF 3A F1
[SIM] heartbeat reply intentionally suppressed; TCP remains connected
[SIM] client disconnected
[SIM] client connected: 127.0.0.1:57487
[RX] cmd=0x01, seq=0x0001, paramLen=28, time=12:22:12
EA 27 00 01 01 00 90 05 34 01 00 01 38 39 38 36 30 38 35 36 31 31 32 34 39 30 32 39 38 36 36 30 02 04 00 00 00 00 00 00 10 69
[TX] cmd=0x01, seq=0x0016, paramLen=0
EA 0B 00 01 01 00 90 05 34 16 00 01 E8 F8
[RX] cmd=0x81, seq=0x0002, paramLen=5, time=12:22:13
EA 10 00 01 01 00 90 05 34 02 00 81 02 1E FC FF FF BA DB
[SIM] heartbeat reply intentionally suppressed; TCP remains connected
[RX] cmd=0x81, seq=0x0003, paramLen=5, time=12:22:23
EA 10 00 01 01 00 90 05 34 03 00 81 02 1E FC FF FF 7B 17
[SIM] heartbeat reply intentionally suppressed; TCP remains connected
[RX] cmd=0x81, seq=0x0004, paramLen=5, time=12:22:33
EA 10 00 01 01 00 90 05 34 04 00 81 02 1E FC FF FF 3A F1
[SIM] heartbeat reply intentionally suppressed; TCP remains connected
[SIM] client disconnected
[SIM] client connected: 127.0.0.1:57529
[RX] cmd=0x01, seq=0x0001, paramLen=28, time=12:22:49
EA 27 00 01 01 00 90 05 34 01 00 01 38 39 38 36 30 38 35 36 31 31 32 34 39 30 32 39 38 36 36 30 02 04 00 00 00 00 00 00 10 69
[TX] cmd=0x01, seq=0x0017, paramLen=0
EA 0B 00 01 01 00 90 05 34 17 00 01 B9 38
[RX] cmd=0x81, seq=0x0002, paramLen=5, time=12:22:50
EA 10 00 01 01 00 90 05 34 02 00 81 02 1E FC FF FF BA DB
[SIM] heartbeat reply intentionally suppressed; TCP remains connected
[RX] cmd=0x81, seq=0x0003, paramLen=5, time=12:23:00
EA 10 00 01 01 00 90 05 34 03 00 81 02 1E FC FF FF 7B 17
[SIM] heartbeat reply intentionally suppressed; TCP remains connected
[RX] cmd=0x81, seq=0x0004, paramLen=5, time=12:23:10
EA 10 00 01 01 00 90 05 34 04 00 81 02 1E FC FF FF 3A F1
[SIM] heartbeat reply intentionally suppressed; TCP remains connected
[SIM] client disconnected
[SIM] client connected: 127.0.0.1:57582
[RX] cmd=0x01, seq=0x0001, paramLen=28, time=12:23:26
EA 27 00 01 01 00 90 05 34 01 00 01 38 39 38 36 30 38 35 36 31 31 32 34 39 30 32 39 38 36 36 30 02 04 00 00 00 00 00 00 10 69
[TX] cmd=0x01, seq=0x0018, paramLen=0
EA 0B 00 01 01 00 90 05 34 18 00 01 89 3B
[RX] cmd=0x81, seq=0x0002, paramLen=5, time=12:23:27
EA 10 00 01 01 00 90 05 34 02 00 81 02 1E FC FF FF BA DB
[SIM] heartbeat reply intentionally suppressed; TCP remains connected
[RX] cmd=0x81, seq=0x0003, paramLen=5, time=12:23:37
EA 10 00 01 01 00 90 05 34 03 00 81 02 1E FC FF FF 7B 17
[SIM] heartbeat reply intentionally suppressed; TCP remains connected
[RX] cmd=0x81, seq=0x0004, paramLen=5, time=12:23:48
EA 10 00 01 01 00 90 05 34 04 00 81 02 1E FC FF FF 3A F1
[SIM] heartbeat reply intentionally suppressed; TCP remains connected
[SIM] client disconnected
[SIM] client connected: 127.0.0.1:57648
[RX] cmd=0x01, seq=0x0001, paramLen=28, time=12:24:03
EA 27 00 01 01 00 90 05 34 01 00 01 38 39 38 36 30 38 35 36 31 31 32 34 39 30 32 39 38 36 36 30 02 04 00 00 00 00 00 00 10 69
[TX] cmd=0x01, seq=0x0019, paramLen=0
EA 0B 00 01 01 00 90 05 34 19 00 01 D8 FB
[RX] cmd=0x81, seq=0x0002, paramLen=5, time=12:24:04
EA 10 00 01 01 00 90 05 34 02 00 81 02 1E FC FF FF BA DB
[SIM] heartbeat reply intentionally suppressed; TCP remains connected
[RX] cmd=0x81, seq=0x0003, paramLen=5, time=12:24:14
EA 10 00 01 01 00 90 05 34 03 00 81 02 1E FC FF FF 7B 17
[SIM] heartbeat reply intentionally suppressed; TCP remains connected
[RX] cmd=0x81, seq=0x0004, paramLen=5, time=12:24:25
EA 10 00 01 01 00 90 05 34 04 00 81 02 1E FC FF FF 3A F1
[SIM] heartbeat reply intentionally suppressed; TCP remains connected
[SIM] client disconnected
[SIM] client connected: 127.0.0.1:57691
[RX] cmd=0x01, seq=0x0001, paramLen=28, time=12:24:41
EA 27 00 01 01 00 90 05 34 01 00 01 38 39 38 36 30 38 35 36 31 31 32 34 39 30 32 39 38 36 36 30 02 04 00 00 00 00 00 00 10 69
[TX] cmd=0x01, seq=0x001A, paramLen=0
EA 0B 00 01 01 00 90 05 34 1A 00 01 28 FB
[RX] cmd=0x81, seq=0x0002, paramLen=5, time=12:24:42
EA 10 00 01 01 00 90 05 34 02 00 81 02 1E FC FF FF BA DB
[SIM] heartbeat reply intentionally suppressed; TCP remains connected
[RX] cmd=0x81, seq=0x0003, paramLen=5, time=12:24:52
EA 10 00 01 01 00 90 05 34 03 00 81 02 1E FC FF FF 7B 17
[SIM] heartbeat reply intentionally suppressed; TCP remains connected
[RX] cmd=0x81, seq=0x0004, paramLen=5, time=12:25:02
EA 10 00 01 01 00 90 05 34 04 00 81 02 1E FC FF FF 3A F1
[SIM] heartbeat reply intentionally suppressed; TCP remains connected
[SIM] client disconnected
[SIM] client connected: 127.0.0.1:57731
[RX] cmd=0x01, seq=0x0001, paramLen=28, time=12:25:18
EA 27 00 01 01 00 90 05 34 01 00 01 38 39 38 36 30 38 35 36 31 31 32 34 39 30 32 39 38 36 36 30 02 04 00 00 00 00 00 00 10 69
[TX] cmd=0x01, seq=0x001B, paramLen=0
EA 0B 00 01 01 00 90 05 34 1B 00 01 79 3B
[RX] cmd=0x81, seq=0x0002, paramLen=5, time=12:25:21
EA 10 00 01 01 00 90 05 34 02 00 81 02 1E FC FF FF BA DB
[SIM] heartbeat reply intentionally suppressed; TCP remains connected
[RX] cmd=0x81, seq=0x0003, paramLen=5, time=12:25:30
EA 10 00 01 01 00 90 05 34 03 00 81 02 1E FC FF FF 7B 17
[SIM] heartbeat reply intentionally suppressed; TCP remains connected
[RX] cmd=0x81, seq=0x0004, paramLen=5, time=12:25:40
EA 10 00 01 01 00 90 05 34 04 00 81 02 1E FC FF FF 3A F1
[SIM] heartbeat reply intentionally suppressed; TCP remains connected
[SIM] client disconnected
[SIM] client connected: 127.0.0.1:57771
[RX] cmd=0x01, seq=0x0001, paramLen=28, time=12:25:56
EA 27 00 01 01 00 90 05 34 01 00 01 38 39 38 36 30 38 35 36 31 31 32 34 39 30 32 39 38 36 36 30 02 04 00 00 00 00 00 00 10 69
[TX] cmd=0x01, seq=0x001C, paramLen=0
EA 0B 00 01 01 00 90 05 34 1C 00 01 C8 FA
[RX] cmd=0x81, seq=0x0002, paramLen=5, time=12:25:57
EA 10 00 01 01 00 90 05 34 02 00 81 02 1E FC FF FF BA DB
[SIM] heartbeat reply intentionally suppressed; TCP remains connected
[RX] cmd=0x81, seq=0x0003, paramLen=5, time=12:26:07
EA 10 00 01 01 00 90 05 34 03 00 81 02 1E FC FF FF 7B 17
[SIM] heartbeat reply intentionally suppressed; TCP remains connected
[RX] cmd=0x81, seq=0x0004, paramLen=5, time=12:26:17
EA 10 00 01 01 00 90 05 34 04 00 81 02 1E FC FF FF 3A F1
[SIM] heartbeat reply intentionally suppressed; TCP remains connected
[SIM] client disconnected
[SIM] client connected: 127.0.0.1:57822
[RX] cmd=0x01, seq=0x0001, paramLen=28, time=12:26:33
EA 27 00 01 01 00 90 05 34 01 00 01 38 39 38 36 30 38 35 36 31 31 32 34 39 30 32 39 38 36 36 30 02 04 00 00 00 00 00 00 10 69
[TX] cmd=0x01, seq=0x001D, paramLen=0
EA 0B 00 01 01 00 90 05 34 1D 00 01 99 3A
[RX] cmd=0x81, seq=0x0002, paramLen=5, time=12:26:34
EA 10 00 01 01 00 90 05 34 02 00 81 02 1E FC FF FF BA DB
[SIM] heartbeat reply intentionally suppressed; TCP remains connected
[RX] cmd=0x81, seq=0x0003, paramLen=5, time=12:26:44
EA 10 00 01 01 00 90 05 34 03 00 81 02 1E FC FF FF 7B 17
[SIM] heartbeat reply intentionally suppressed; TCP remains connected
[RX] cmd=0x81, seq=0x0004, paramLen=5, time=12:26:54
EA 10 00 01 01 00 90 05 34 04 00 81 02 1E FC FF FF 3A F1
[SIM] heartbeat reply intentionally suppressed; TCP remains connected
[SIM] client disconnected
[SIM] client connected: 127.0.0.1:57859
[RX] cmd=0x01, seq=0x0001, paramLen=28, time=12:27:11
EA 27 00 01 01 00 90 05 34 01 00 01 38 39 38 36 30 38 35 36 31 31 32 34 39 30 32 39 38 36 36 30 02 04 00 00 00 00 00 00 10 69
[TX] cmd=0x01, seq=0x001E, paramLen=0
EA 0B 00 01 01 00 90 05 34 1E 00 01 69 3A
[RX] cmd=0x81, seq=0x0002, paramLen=5, time=12:27:12
EA 10 00 01 01 00 90 05 34 02 00 81 02 1E FC FF FF BA DB
[SIM] heartbeat reply intentionally suppressed; TCP remains connected
[RX] cmd=0x81, seq=0x0003, paramLen=5, time=12:27:23
EA 10 00 01 01 00 90 05 34 03 00 81 02 1E FC FF FF 7B 17
[SIM] heartbeat reply intentionally suppressed; TCP remains connected
[RX] cmd=0x81, seq=0x0004, paramLen=5, time=12:27:32
EA 10 00 01 01 00 90 05 34 04 00 81 02 1E FC FF FF 3A F1
[SIM] heartbeat reply intentionally suppressed; TCP remains connected
[SIM] client disconnected
[SIM] client connected: 127.0.0.1:57899
[RX] cmd=0x01, seq=0x0001, paramLen=28, time=12:27:49
EA 27 00 01 01 00 90 05 34 01 00 01 38 39 38 36 30 38 35 36 31 31 32 34 39 30 32 39 38 36 36 30 02 04 00 00 00 00 00 00 10 69
[TX] cmd=0x01, seq=0x001F, paramLen=0
EA 0B 00 01 01 00 90 05 34 1F 00 01 38 FA
[RX] cmd=0x81, seq=0x0002, paramLen=5, time=12:27:50
EA 10 00 01 01 00 90 05 34 02 00 81 02 1E FC FF FF BA DB
[SIM] heartbeat reply intentionally suppressed; TCP remains connected
[RX] cmd=0x81, seq=0x0003, paramLen=5, time=12:28:00
EA 10 00 01 01 00 90 05 34 03 00 81 02 1E FC FF FF 7B 17
[SIM] heartbeat reply intentionally suppressed; TCP remains connected
[RX] cmd=0x81, seq=0x0004, paramLen=5, time=12:28:10
EA 10 00 01 01 00 90 05 34 04 00 81 02 1E FC FF FF 3A F1
[SIM] heartbeat reply intentionally suppressed; TCP remains connected
[SIM] client disconnected
[SIM] client connected: 127.0.0.1:57940
[RX] cmd=0x01, seq=0x0001, paramLen=28, time=12:28:26
EA 27 00 01 01 00 90 05 34 01 00 01 38 39 38 36 30 38 35 36 31 31 32 34 39 30 32 39 38 36 36 30 02 04 00 00 00 00 00 00 10 69
[TX] cmd=0x01, seq=0x0020, paramLen=0
EA 0B 00 01 01 00 90 05 34 20 00 01 08 F6
[RX] cmd=0x81, seq=0x0002, paramLen=5, time=12:28:27
EA 10 00 01 01 00 90 05 34 02 00 81 02 1E FC FF FF BA DB
[SIM] heartbeat reply intentionally suppressed; TCP remains connected
[RX] cmd=0x81, seq=0x0003, paramLen=5, time=12:28:37
EA 10 00 01 01 00 90 05 34 03 00 81 02 1E FC FF FF 7B 17
[SIM] heartbeat reply intentionally suppressed; TCP remains connected
[RX] cmd=0x81, seq=0x0004, paramLen=5, time=12:28:47
EA 10 00 01 01 00 90 05 34 04 00 81 02 1E FC FF FF 3A F1
[SIM] heartbeat reply intentionally suppressed; TCP remains connected
[SIM] client disconnected
[SIM] client connected: 127.0.0.1:57994
[RX] cmd=0x01, seq=0x0001, paramLen=28, time=12:29:04
EA 27 00 01 01 00 90 05 34 01 00 01 38 39 38 36 30 38 35 36 31 31 32 34 39 30 32 39 38 36 36 30 02 04 00 00 00 00 00 00 10 69
[TX] cmd=0x01, seq=0x0021, paramLen=0
EA 0B 00 01 01 00 90 05 34 21 00 01 59 36
[RX] cmd=0x81, seq=0x0002, paramLen=5, time=12:29:05
EA 10 00 01 01 00 90 05 34 02 00 81 02 1E FC FF FF BA DB
[SIM] heartbeat reply intentionally suppressed; TCP remains connected
[RX] cmd=0x81, seq=0x0003, paramLen=5, time=12:29:15
EA 10 00 01 01 00 90 05 34 03 00 81 02 1E FC FF FF 7B 17
[SIM] heartbeat reply intentionally suppressed; TCP remains connected
[RX] cmd=0x81, seq=0x0004, paramLen=5, time=12:29:25
EA 10 00 01 01 00 90 05 34 04 00 81 02 1E FC FF FF 3A F1
[SIM] heartbeat reply intentionally suppressed; TCP remains connected
[SIM] client disconnected
[SIM] client connected: 127.0.0.1:58021
[RX] cmd=0x01, seq=0x0001, paramLen=28, time=12:29:42
EA 27 00 01 01 00 90 05 34 01 00 01 38 39 38 36 30 38 35 36 31 31 32 34 39 30 32 39 38 36 36 30 02 04 00 00 00 00 00 00 10 69
[TX] cmd=0x01, seq=0x0022, paramLen=0
EA 0B 00 01 01 00 90 05 34 22 00 01 A9 36
[RX] cmd=0x81, seq=0x0002, paramLen=5, time=12:29:42
EA 10 00 01 01 00 90 05 34 02 00 81 02 1E FC FF FF BA DB
[SIM] heartbeat reply intentionally suppressed; TCP remains connected
[RX] cmd=0x81, seq=0x0003, paramLen=5, time=12:29:52
EA 10 00 01 01 00 90 05 34 03 00 81 02 1E FC FF FF 7B 17
[SIM] heartbeat reply intentionally suppressed; TCP remains connected
[RX] cmd=0x81, seq=0x0004, paramLen=5, time=12:30:03
EA 10 00 01 01 00 90 05 34 04 00 81 02 1E FC FF FF 3A F1
[SIM] heartbeat reply intentionally suppressed; TCP remains connected
[SIM] client disconnected
[SIM] client connected: 127.0.0.1:58063
[RX] cmd=0x01, seq=0x0001, paramLen=28, time=12:30:19
EA 27 00 01 01 00 90 05 34 01 00 01 38 39 38 36 30 38 35 36 31 31 32 34 39 30 32 39 38 36 36 30 02 04 00 00 00 00 00 00 10 69
[TX] cmd=0x01, seq=0x0023, paramLen=0
EA 0B 00 01 01 00 90 05 34 23 00 01 F8 F6
[RX] cmd=0x81, seq=0x0002, paramLen=5, time=12:30:19
EA 10 00 01 01 00 90 05 34 02 00 81 02 1E FC FF FF BA DB
[SIM] heartbeat reply intentionally suppressed; TCP remains connected
[RX] cmd=0x81, seq=0x0003, paramLen=5, time=12:30:29
EA 10 00 01 01 00 90 05 34 03 00 81 02 1E FC FF FF 7B 17
[SIM] heartbeat reply intentionally suppressed; TCP remains connected
[RX] cmd=0x81, seq=0x0004, paramLen=5, time=12:30:40
EA 10 00 01 01 00 90 05 34 04 00 81 02 1E FC FF FF 3A F1
[SIM] heartbeat reply intentionally suppressed; TCP remains connected
[SIM] client disconnected
[SIM] client connected: 127.0.0.1:58113
[RX] cmd=0x01, seq=0x0001, paramLen=28, time=12:30:56
EA 27 00 01 01 00 90 05 34 01 00 01 38 39 38 36 30 38 35 36 31 31 32 34 39 30 32 39 38 36 36 30 02 04 00 00 00 00 00 00 10 69
[TX] cmd=0x01, seq=0x0024, paramLen=0
EA 0B 00 01 01 00 90 05 34 24 00 01 49 37
[RX] cmd=0x81, seq=0x0002, paramLen=5, time=12:30:57
EA 10 00 01 01 00 90 05 34 02 00 81 02 1E FC FF FF BA DB
[SIM] heartbeat reply intentionally suppressed; TCP remains connected
[RX] cmd=0x81, seq=0x0003, paramLen=5, time=12:31:07
EA 10 00 01 01 00 90 05 34 03 00 81 02 1E FC FF FF 7B 17
[SIM] heartbeat reply intentionally suppressed; TCP remains connected
[RX] cmd=0x81, seq=0x0004, paramLen=5, time=12:31:17
EA 10 00 01 01 00 90 05 34 04 00 81 02 1E FC FF FF 3A F1
[SIM] heartbeat reply intentionally suppressed; TCP remains connected
[SIM] client disconnected
[SIM] client connected: 127.0.0.1:58161
[RX] cmd=0x01, seq=0x0001, paramLen=28, time=12:31:35
EA 27 00 01 01 00 90 05 34 01 00 01 38 39 38 36 30 38 35 36 31 31 32 34 39 30 32 39 38 36 36 30 02 04 00 00 00 00 00 00 10 69
[TX] cmd=0x01, seq=0x0025, paramLen=0
EA 0B 00 01 01 00 90 05 34 25 00 01 18 F7
[RX] cmd=0x81, seq=0x0002, paramLen=5, time=12:31:36
EA 10 00 01 01 00 90 05 34 02 00 81 02 1E FC FF FF BA DB
[SIM] heartbeat reply intentionally suppressed; TCP remains connected
[RX] cmd=0x81, seq=0x0003, paramLen=5, time=12:31:46
EA 10 00 01 01 00 90 05 34 03 00 81 02 1E FC FF FF 7B 17
[SIM] heartbeat reply intentionally suppressed; TCP remains connected
[RX] cmd=0x81, seq=0x0004, paramLen=5, time=12:31:56
EA 10 00 01 01 00 90 05 34 04 00 81 02 1E FC FF FF 3A F1
[SIM] heartbeat reply intentionally suppressed; TCP remains connected
[SIM] client disconnected
[SIM] client connected: 127.0.0.1:58218
[RX] cmd=0x01, seq=0x0001, paramLen=28, time=12:32:12
EA 27 00 01 01 00 90 05 34 01 00 01 38 39 38 36 30 38 35 36 31 31 32 34 39 30 32 39 38 36 36 30 02 04 00 00 00 00 00 00 10 69
[TX] cmd=0x01, seq=0x0026, paramLen=0
EA 0B 00 01 01 00 90 05 34 26 00 01 E8 F7
[RX] cmd=0x81, seq=0x0002, paramLen=5, time=12:32:13
EA 10 00 01 01 00 90 05 34 02 00 81 02 1E FC FF FF BA DB
[SIM] heartbeat reply intentionally suppressed; TCP remains connected
[RX] cmd=0x81, seq=0x0003, paramLen=5, time=12:32:23
EA 10 00 01 01 00 90 05 34 03 00 81 02 1E FC FF FF 7B 17
[SIM] heartbeat reply intentionally suppressed; TCP remains connected
[RX] cmd=0x81, seq=0x0004, paramLen=5, time=12:32:33
EA 10 00 01 01 00 90 05 34 04 00 81 02 1E FC FF FF 3A F1
[SIM] heartbeat reply intentionally suppressed; TCP remains connected
[SIM] client disconnected
[SIM] client connected: 127.0.0.1:58266
[RX] cmd=0x01, seq=0x0001, paramLen=28, time=12:32:48
EA 27 00 01 01 00 90 05 34 01 00 01 38 39 38 36 30 38 35 36 31 31 32 34 39 30 32 39 38 36 36 30 02 04 00 00 00 00 00 00 10 69
[TX] cmd=0x01, seq=0x0027, paramLen=0
EA 0B 00 01 01 00 90 05 34 27 00 01 B9 37
[RX] cmd=0x81, seq=0x0002, paramLen=5, time=12:32:49
EA 10 00 01 01 00 90 05 34 02 00 81 02 1E FC FF FF BA DB
[SIM] heartbeat reply intentionally suppressed; TCP remains connected
[RX] cmd=0x81, seq=0x0003, paramLen=5, time=12:32:59
EA 10 00 01 01 00 90 05 34 03 00 81 02 1E FC FF FF 7B 17
[SIM] heartbeat reply intentionally suppressed; TCP remains connected
[RX] cmd=0x81, seq=0x0004, paramLen=5, time=12:33:09
EA 10 00 01 01 00 90 05 34 04 00 81 02 1E FC FF FF 3A F1
[SIM] heartbeat reply intentionally suppressed; TCP remains connected
[SIM] client disconnected
[SIM] client connected: 127.0.0.1:58319
[RX] cmd=0x01, seq=0x0001, paramLen=28, time=12:33:43
EA 27 00 01 01 00 90 05 34 01 00 01 38 39 38 36 30 38 35 36 31 31 32 34 39 30 32 39 38 36 36 30 02 04 00 00 00 00 00 00 10 69
[TX] cmd=0x01, seq=0x0028, paramLen=0
EA 0B 00 01 01 00 90 05 34 28 00 01 89 34
[RX] cmd=0x81, seq=0x0002, paramLen=5, time=12:33:44
EA 10 00 01 01 00 90 05 34 02 00 81 02 1E FC FF FF BA DB
[SIM] heartbeat reply intentionally suppressed; TCP remains connected
[RX] cmd=0x81, seq=0x0003, paramLen=5, time=12:33:54
EA 10 00 01 01 00 90 05 34 03 00 81 02 1E FC FF FF 7B 17
[SIM] heartbeat reply intentionally suppressed; TCP remains connected
[RX] cmd=0x81, seq=0x0004, paramLen=5, time=12:34:04
EA 10 00 01 01 00 90 05 34 04 00 81 02 1E FC FF FF 3A F1
[SIM] heartbeat reply intentionally suppressed; TCP remains connected
[SIM] client disconnected
[SIM] client connected: 127.0.0.1:58358
[RX] cmd=0x01, seq=0x0001, paramLen=28, time=12:34:21
EA 27 00 01 01 00 90 05 34 01 00 01 38 39 38 36 30 38 35 36 31 31 32 34 39 30 32 39 38 36 36 30 02 04 00 00 00 00 00 00 10 69
[TX] cmd=0x01, seq=0x0029, paramLen=0
EA 0B 00 01 01 00 90 05 34 29 00 01 D8 F4
[RX] cmd=0x81, seq=0x0002, paramLen=5, time=12:34:22
EA 10 00 01 01 00 90 05 34 02 00 81 02 1E FC FF FF BA DB
[SIM] heartbeat reply intentionally suppressed; TCP remains connected
[RX] cmd=0x81, seq=0x0003, paramLen=5, time=12:34:32
EA 10 00 01 01 00 90 05 34 03 00 81 02 1E FC FF FF 7B 17
[SIM] heartbeat reply intentionally suppressed; TCP remains connected
[RX] cmd=0x81, seq=0x0004, paramLen=5, time=12:34:42
EA 10 00 01 01 00 90 05 34 04 00 81 02 1E FC FF FF 3A F1
[SIM] heartbeat reply intentionally suppressed; TCP remains connected
[SIM] client disconnected
[SIM] client connected: 127.0.0.1:58397
[RX] cmd=0x01, seq=0x0001, paramLen=28, time=12:34:58
EA 27 00 01 01 00 90 05 34 01 00 01 38 39 38 36 30 38 35 36 31 31 32 34 39 30 32 39 38 36 36 30 02 04 00 00 00 00 00 00 10 69
[TX] cmd=0x01, seq=0x002A, paramLen=0
EA 0B 00 01 01 00 90 05 34 2A 00 01 28 F4
[RX] cmd=0x81, seq=0x0002, paramLen=5, time=12:34:59
EA 10 00 01 01 00 90 05 34 02 00 81 02 1E FC FF FF BA DB
[SIM] heartbeat reply intentionally suppressed; TCP remains connected
[RX] cmd=0x81, seq=0x0003, paramLen=5, time=12:35:09
EA 10 00 01 01 00 90 05 34 03 00 81 02 1E FC FF FF 7B 17
[SIM] heartbeat reply intentionally suppressed; TCP remains connected
[RX] cmd=0x81, seq=0x0004, paramLen=5, time=12:35:19
EA 10 00 01 01 00 90 05 34 04 00 81 02 1E FC FF FF 3A F1
[SIM] heartbeat reply intentionally suppressed; TCP remains connected
[SIM] client disconnected
[SIM] client connected: 127.0.0.1:58468
[RX] cmd=0x01, seq=0x0001, paramLen=28, time=12:35:53
EA 27 00 01 01 00 90 05 34 01 00 01 38 39 38 36 30 38 35 36 31 31 32 34 39 30 32 39 38 36 36 30 02 04 00 00 00 00 00 00 10 69
[TX] cmd=0x01, seq=0x002B, paramLen=0
EA 0B 00 01 01 00 90 05 34 2B 00 01 79 34
[RX] cmd=0x81, seq=0x0002, paramLen=5, time=12:35:54
EA 10 00 01 01 00 90 05 34 02 00 81 02 1E FC FF FF BA DB
[SIM] heartbeat reply intentionally suppressed; TCP remains connected
[RX] cmd=0x81, seq=0x0003, paramLen=5, time=12:36:04
EA 10 00 01 01 00 90 05 34 03 00 81 02 1E FC FF FF 7B 17
[SIM] heartbeat reply intentionally suppressed; TCP remains connected
[RX] cmd=0x81, seq=0x0004, paramLen=5, time=12:36:14
EA 10 00 01 01 00 90 05 34 04 00 81 02 1E FC FF FF 3A F1
[SIM] heartbeat reply intentionally suppressed; TCP remains connected
[SIM] client disconnected
[SIM] client connected: 127.0.0.1:58511
[RX] cmd=0x01, seq=0x0001, paramLen=28, time=12:36:30
EA 27 00 01 01 00 90 05 34 01 00 01 38 39 38 36 30 38 35 36 31 31 32 34 39 30 32 39 38 36 36 30 02 04 00 00 00 00 00 00 10 69
[TX] cmd=0x01, seq=0x002C, paramLen=0
EA 0B 00 01 01 00 90 05 34 2C 00 01 C8 F5
[RX] cmd=0x81, seq=0x0002, paramLen=5, time=12:36:31
EA 10 00 01 01 00 90 05 34 02 00 81 02 1E FC FF FF BA DB
[SIM] heartbeat reply intentionally suppressed; TCP remains connected
[RX] cmd=0x81, seq=0x0003, paramLen=5, time=12:36:41
EA 10 00 01 01 00 90 05 34 03 00 81 02 1E FC FF FF 7B 17
[SIM] heartbeat reply intentionally suppressed; TCP remains connected
[RX] cmd=0x81, seq=0x0004, paramLen=5, time=12:36:51
EA 10 00 01 01 00 90 05 34 04 00 81 02 1E FC FF FF 3A F1
[SIM] heartbeat reply intentionally suppressed; TCP remains connected
[SIM] client disconnected
[SIM] client connected: 127.0.0.1:58559
[RX] cmd=0x01, seq=0x0001, paramLen=28, time=12:37:08
EA 27 00 01 01 00 90 05 34 01 00 01 38 39 38 36 30 38 35 36 31 31 32 34 39 30 32 39 38 36 36 30 02 04 00 00 00 00 00 00 10 69
[TX] cmd=0x01, seq=0x002D, paramLen=0
EA 0B 00 01 01 00 90 05 34 2D 00 01 99 35
[RX] cmd=0x81, seq=0x0002, paramLen=5, time=12:37:09
EA 10 00 01 01 00 90 05 34 02 00 81 02 1E FC FF FF BA DB
[SIM] heartbeat reply intentionally suppressed; TCP remains connected
[RX] cmd=0x81, seq=0x0003, paramLen=5, time=12:37:19
EA 10 00 01 01 00 90 05 34 03 00 81 02 1E FC FF FF 7B 17
[SIM] heartbeat reply intentionally suppressed; TCP remains connected
[RX] cmd=0x81, seq=0x0004, paramLen=5, time=12:37:29
EA 10 00 01 01 00 90 05 34 04 00 81 02 1E FC FF FF 3A F1
[SIM] heartbeat reply intentionally suppressed; TCP remains connected
[SIM] client disconnected
[SIM] client connected: 127.0.0.1:58598
[RX] cmd=0x01, seq=0x0001, paramLen=28, time=12:37:45
EA 27 00 01 01 00 90 05 34 01 00 01 38 39 38 36 30 38 35 36 31 31 32 34 39 30 32 39 38 36 36 30 02 04 00 00 00 00 00 00 10 69
[TX] cmd=0x01, seq=0x002E, paramLen=0
EA 0B 00 01 01 00 90 05 34 2E 00 01 69 35
[RX] cmd=0x81, seq=0x0002, paramLen=5, time=12:37:46
EA 10 00 01 01 00 90 05 34 02 00 81 02 1E FC FF FF BA DB
[SIM] heartbeat reply intentionally suppressed; TCP remains connected
[RX] cmd=0x81, seq=0x0003, paramLen=5, time=12:37:56
EA 10 00 01 01 00 90 05 34 03 00 81 02 1E FC FF FF 7B 17
[SIM] heartbeat reply intentionally suppressed; TCP remains connected
[RX] cmd=0x81, seq=0x0004, paramLen=5, time=12:38:06
EA 10 00 01 01 00 90 05 34 04 00 81 02 1E FC FF FF 3A F1
[SIM] heartbeat reply intentionally suppressed; TCP remains connected
[SIM] client disconnected
[SIM] client connected: 127.0.0.1:58633
[RX] cmd=0x01, seq=0x0001, paramLen=28, time=12:38:23
EA 27 00 01 01 00 90 05 34 01 00 01 38 39 38 36 30 38 35 36 31 31 32 34 39 30 32 39 38 36 36 30 02 04 00 00 00 00 00 00 10 69
[TX] cmd=0x01, seq=0x002F, paramLen=0
EA 0B 00 01 01 00 90 05 34 2F 00 01 38 F5
[RX] cmd=0x81, seq=0x0002, paramLen=5, time=12:38:23
EA 10 00 01 01 00 90 05 34 02 00 81 02 1E FC FF FF BA DB
[SIM] heartbeat reply intentionally suppressed; TCP remains connected
[RX] cmd=0x81, seq=0x0003, paramLen=5, time=12:38:33
EA 10 00 01 01 00 90 05 34 03 00 81 02 1E FC FF FF 7B 17
[SIM] heartbeat reply intentionally suppressed; TCP remains connected
[RX] cmd=0x81, seq=0x0004, paramLen=5, time=12:38:43
EA 10 00 01 01 00 90 05 34 04 00 81 02 1E FC FF FF 3A F1
[SIM] heartbeat reply intentionally suppressed; TCP remains connected
[SIM] client disconnected
[SIM] client connected: 127.0.0.1:58683
[RX] cmd=0x01, seq=0x0001, paramLen=28, time=12:39:01
EA 27 00 01 01 00 90 05 34 01 00 01 38 39 38 36 30 38 35 36 31 31 32 34 39 30 32 39 38 36 36 30 02 04 00 00 00 00 00 00 10 69
[TX] cmd=0x01, seq=0x0030, paramLen=0
EA 0B 00 01 01 00 90 05 34 30 00 01 09 33
[RX] cmd=0x81, seq=0x0002, paramLen=5, time=12:39:02
EA 10 00 01 01 00 90 05 34 02 00 81 02 1E FC FF FF BA DB
[SIM] heartbeat reply intentionally suppressed; TCP remains connected
[RX] cmd=0x81, seq=0x0003, paramLen=5, time=12:39:12
EA 10 00 01 01 00 90 05 34 03 00 81 02 1E FC FF FF 7B 17
[SIM] heartbeat reply intentionally suppressed; TCP remains connected
[RX] cmd=0x81, seq=0x0004, paramLen=5, time=12:39:22
EA 10 00 01 01 00 90 05 34 04 00 81 02 1E FC FF FF 3A F1
[SIM] heartbeat reply intentionally suppressed; TCP remains connected
[SIM] client disconnected
[SIM] client connected: 127.0.0.1:58721
[RX] cmd=0x01, seq=0x0001, paramLen=28, time=12:39:38
EA 27 00 01 01 00 90 05 34 01 00 01 38 39 38 36 30 38 35 36 31 31 32 34 39 30 32 39 38 36 36 30 02 04 00 00 00 00 00 00 10 69
[TX] cmd=0x01, seq=0x0031, paramLen=0
EA 0B 00 01 01 00 90 05 34 31 00 01 58 F3
[RX] cmd=0x81, seq=0x0002, paramLen=5, time=12:39:39
EA 10 00 01 01 00 90 05 34 02 00 81 02 1E FC FF FF BA DB
[SIM] heartbeat reply intentionally suppressed; TCP remains connected
[RX] cmd=0x81, seq=0x0003, paramLen=5, time=12:39:49
EA 10 00 01 01 00 90 05 34 03 00 81 02 1E FC FF FF 7B 17
[SIM] heartbeat reply intentionally suppressed; TCP remains connected
[RX] cmd=0x81, seq=0x0004, paramLen=5, time=12:39:59
EA 10 00 01 01 00 90 05 34 04 00 81 02 1E FC FF FF 3A F1
[SIM] heartbeat reply intentionally suppressed; TCP remains connected
[SIM] client disconnected
[SIM] client connected: 127.0.0.1:58775
[RX] cmd=0x01, seq=0x0001, paramLen=28, time=12:40:16
EA 27 00 01 01 00 90 05 34 01 00 01 38 39 38 36 30 38 35 36 31 31 32 34 39 30 32 39 38 36 36 30 02 04 00 00 00 00 00 00 10 69
[TX] cmd=0x01, seq=0x0032, paramLen=0
EA 0B 00 01 01 00 90 05 34 32 00 01 A8 F3
[RX] cmd=0x81, seq=0x0002, paramLen=5, time=12:40:17
EA 10 00 01 01 00 90 05 34 02 00 81 02 1E FC FF FF BA DB
[SIM] heartbeat reply intentionally suppressed; TCP remains connected
[RX] cmd=0x81, seq=0x0003, paramLen=5, time=12:40:27
EA 10 00 01 01 00 90 05 34 03 00 81 02 1E FC FF FF 7B 17
[SIM] heartbeat reply intentionally suppressed; TCP remains connected
[RX] cmd=0x81, seq=0x0004, paramLen=5, time=12:40:37
EA 10 00 01 01 00 90 05 34 04 00 81 02 1E FC FF FF 3A F1
[SIM] heartbeat reply intentionally suppressed; TCP remains connected
[SIM] client disconnected
[SIM] client connected: 127.0.0.1:58816
[RX] cmd=0x01, seq=0x0001, paramLen=28, time=12:40:53
EA 27 00 01 01 00 90 05 34 01 00 01 38 39 38 36 30 38 35 36 31 31 32 34 39 30 32 39 38 36 36 30 02 04 00 00 00 00 00 00 10 69
[TX] cmd=0x01, seq=0x0033, paramLen=0
EA 0B 00 01 01 00 90 05 34 33 00 01 F9 33
[RX] cmd=0x81, seq=0x0002, paramLen=5, time=12:40:54
EA 10 00 01 01 00 90 05 34 02 00 81 02 1E FC FF FF BA DB
[SIM] heartbeat reply intentionally suppressed; TCP remains connected
[RX] cmd=0x81, seq=0x0003, paramLen=5, time=12:41:04
EA 10 00 01 01 00 90 05 34 03 00 81 02 1E FC FF FF 7B 17
[SIM] heartbeat reply intentionally suppressed; TCP remains connected
[RX] cmd=0x81, seq=0x0004, paramLen=5, time=12:41:14
EA 10 00 01 01 00 90 05 34 04 00 81 02 1E FC FF FF 3A F1
[SIM] heartbeat reply intentionally suppressed; TCP remains connected
[SIM] client disconnected
[SIM] client connected: 127.0.0.1:58853
[RX] cmd=0x01, seq=0x0001, paramLen=28, time=12:41:30
EA 27 00 01 01 00 90 05 34 01 00 01 38 39 38 36 30 38 35 36 31 31 32 34 39 30 32 39 38 36 36 30 02 04 00 00 00 00 00 00 10 69
[TX] cmd=0x01, seq=0x0034, paramLen=0
EA 0B 00 01 01 00 90 05 34 34 00 01 48 F2
[RX] cmd=0x81, seq=0x0002, paramLen=5, time=12:41:31
EA 10 00 01 01 00 90 05 34 02 00 81 02 1E FC FF FF BA DB
[SIM] heartbeat reply intentionally suppressed; TCP remains connected
[RX] cmd=0x81, seq=0x0003, paramLen=5, time=12:41:41
EA 10 00 01 01 00 90 05 34 03 00 81 02 1E FC FF FF 7B 17
[SIM] heartbeat reply intentionally suppressed; TCP remains connected
[RX] cmd=0x81, seq=0x0004, paramLen=5, time=12:41:51
EA 10 00 01 01 00 90 05 34 04 00 81 02 1E FC FF FF 3A F1
[SIM] heartbeat reply intentionally suppressed; TCP remains connected
[SIM] client disconnected
[SIM] client connected: 127.0.0.1:58887
[RX] cmd=0x01, seq=0x0001, paramLen=28, time=12:42:07
EA 27 00 01 01 00 90 05 34 01 00 01 38 39 38 36 30 38 35 36 31 31 32 34 39 30 32 39 38 36 36 30 02 04 00 00 00 00 00 00 10 69
[TX] cmd=0x01, seq=0x0035, paramLen=0
EA 0B 00 01 01 00 90 05 34 35 00 01 19 32
[RX] cmd=0x81, seq=0x0002, paramLen=5, time=12:42:08
EA 10 00 01 01 00 90 05 34 02 00 81 02 1E FC FF FF BA DB
[SIM] heartbeat reply intentionally suppressed; TCP remains connected
[RX] cmd=0x81, seq=0x0003, paramLen=5, time=12:42:18
EA 10 00 01 01 00 90 05 34 03 00 81 02 1E FC FF FF 7B 17
[SIM] heartbeat reply intentionally suppressed; TCP remains connected
[RX] cmd=0x81, seq=0x0004, paramLen=5, time=12:42:28
EA 10 00 01 01 00 90 05 34 04 00 81 02 1E FC FF FF 3A F1
[SIM] heartbeat reply intentionally suppressed; TCP remains connected
[SIM] client disconnected
[SIM] client connected: 127.0.0.1:58938
[RX] cmd=0x01, seq=0x0001, paramLen=28, time=12:42:44
EA 27 00 01 01 00 90 05 34 01 00 01 38 39 38 36 30 38 35 36 31 31 32 34 39 30 32 39 38 36 36 30 02 04 00 00 00 00 00 00 10 69
[TX] cmd=0x01, seq=0x0036, paramLen=0
EA 0B 00 01 01 00 90 05 34 36 00 01 E9 32
[RX] cmd=0x81, seq=0x0002, paramLen=5, time=12:42:45
EA 10 00 01 01 00 90 05 34 02 00 81 02 1E FC FF FF BA DB
[SIM] heartbeat reply intentionally suppressed; TCP remains connected
[RX] cmd=0x81, seq=0x0003, paramLen=5, time=12:42:55
EA 10 00 01 01 00 90 05 34 03 00 81 02 1E FC FF FF 7B 17
[SIM] heartbeat reply intentionally suppressed; TCP remains connected
[RX] cmd=0x81, seq=0x0004, paramLen=5, time=12:43:05
EA 10 00 01 01 00 90 05 34 04 00 81 02 1E FC FF FF 3A F1
[SIM] heartbeat reply intentionally suppressed; TCP remains connected
[SIM] client disconnected
[SIM] client connected: 127.0.0.1:58979
[RX] cmd=0x01, seq=0x0001, paramLen=28, time=12:43:21
EA 27 00 01 01 00 90 05 34 01 00 01 38 39 38 36 30 38 35 36 31 31 32 34 39 30 32 39 38 36 36 30 02 04 00 00 00 00 00 00 10 69
[TX] cmd=0x01, seq=0x0037, paramLen=0
EA 0B 00 01 01 00 90 05 34 37 00 01 B8 F2
[RX] cmd=0x81, seq=0x0002, paramLen=5, time=12:43:21
EA 10 00 01 01 00 90 05 34 02 00 81 02 1E FC FF FF BA DB
[SIM] heartbeat reply intentionally suppressed; TCP remains connected
[RX] cmd=0x81, seq=0x0003, paramLen=5, time=12:43:31
EA 10 00 01 01 00 90 05 34 03 00 81 02 1E FC FF FF 7B 17
[SIM] heartbeat reply intentionally suppressed; TCP remains connected
[RX] cmd=0x81, seq=0x0004, paramLen=5, time=12:43:41
EA 10 00 01 01 00 90 05 34 04 00 81 02 1E FC FF FF 3A F1
[SIM] heartbeat reply intentionally suppressed; TCP remains connected
[SIM] client disconnected
[SIM] client connected: 127.0.0.1:59044
[RX] cmd=0x01, seq=0x0001, paramLen=28, time=12:44:16
EA 27 00 01 01 00 90 05 34 01 00 01 38 39 38 36 30 38 35 36 31 31 32 34 39 30 32 39 38 36 36 30 02 04 00 00 00 00 00 00 10 69
[TX] cmd=0x01, seq=0x0038, paramLen=0
EA 0B 00 01 01 00 90 05 34 38 00 01 88 F1
[RX] cmd=0x81, seq=0x0002, paramLen=5, time=12:44:17
EA 10 00 01 01 00 90 05 34 02 00 81 02 1E FC FF FF BA DB
[SIM] heartbeat reply intentionally suppressed; TCP remains connected
[RX] cmd=0x81, seq=0x0003, paramLen=5, time=12:44:27
EA 10 00 01 01 00 90 05 34 03 00 81 02 1E FC FF FF 7B 17
[SIM] heartbeat reply intentionally suppressed; TCP remains connected
[RX] cmd=0x81, seq=0x0004, paramLen=5, time=12:44:37
EA 10 00 01 01 00 90 05 34 04 00 81 02 1E FC FF FF 3A F1
[SIM] heartbeat reply intentionally suppressed; TCP remains connected
[SIM] client disconnected
[SIM] client connected: 127.0.0.1:59098
[RX] cmd=0x01, seq=0x0001, paramLen=28, time=12:44:53
EA 27 00 01 01 00 90 05 34 01 00 01 38 39 38 36 30 38 35 36 31 31 32 34 39 30 32 39 38 36 36 30 02 04 00 00 00 00 00 00 10 69
[TX] cmd=0x01, seq=0x0039, paramLen=0
EA 0B 00 01 01 00 90 05 34 39 00 01 D9 31
[RX] cmd=0x81, seq=0x0002, paramLen=5, time=12:44:54
EA 10 00 01 01 00 90 05 34 02 00 81 02 1E FC FF FF BA DB
[SIM] heartbeat reply intentionally suppressed; TCP remains connected
[RX] cmd=0x81, seq=0x0003, paramLen=5, time=12:45:04
EA 10 00 01 01 00 90 05 34 03 00 81 02 1E FC FF FF 7B 17
[SIM] heartbeat reply intentionally suppressed; TCP remains connected
[RX] cmd=0x81, seq=0x0004, paramLen=5, time=12:45:14
EA 10 00 01 01 00 90 05 34 04 00 81 02 1E FC FF FF 3A F1
[SIM] heartbeat reply intentionally suppressed; TCP remains connected
[SIM] client disconnected
[SIM] client connected: 127.0.0.1:59131
[RX] cmd=0x01, seq=0x0001, paramLen=28, time=12:45:30
EA 27 00 01 01 00 90 05 34 01 00 01 38 39 38 36 30 38 35 36 31 31 32 34 39 30 32 39 38 36 36 30 02 04 00 00 00 00 00 00 10 69
[TX] cmd=0x01, seq=0x003A, paramLen=0
EA 0B 00 01 01 00 90 05 34 3A 00 01 29 31
[RX] cmd=0x81, seq=0x0002, paramLen=5, time=12:45:31
EA 10 00 01 01 00 90 05 34 02 00 81 02 1E FC FF FF BA DB
[SIM] heartbeat reply intentionally suppressed; TCP remains connected
[RX] cmd=0x81, seq=0x0003, paramLen=5, time=12:45:41
EA 10 00 01 01 00 90 05 34 03 00 81 02 1E FC FF FF 7B 17
[SIM] heartbeat reply intentionally suppressed; TCP remains connected
[RX] cmd=0x81, seq=0x0004, paramLen=5, time=12:45:51
EA 10 00 01 01 00 90 05 34 04 00 81 02 1E FC FF FF 3A F1
[SIM] heartbeat reply intentionally suppressed; TCP remains connected
[SIM] client disconnected
[SIM] client connected: 127.0.0.1:59179
[RX] cmd=0x01, seq=0x0001, paramLen=28, time=12:46:07
EA 27 00 01 01 00 90 05 34 01 00 01 38 39 38 36 30 38 35 36 31 31 32 34 39 30 32 39 38 36 36 30 02 04 00 00 00 00 00 00 10 69
[TX] cmd=0x01, seq=0x003B, paramLen=0
EA 0B 00 01 01 00 90 05 34 3B 00 01 78 F1
[RX] cmd=0x81, seq=0x0002, paramLen=5, time=12:46:08
EA 10 00 01 01 00 90 05 34 02 00 81 02 1E FC FF FF BA DB
[SIM] heartbeat reply intentionally suppressed; TCP remains connected
[RX] cmd=0x81, seq=0x0003, paramLen=5, time=12:46:18
EA 10 00 01 01 00 90 05 34 03 00 81 02 1E FC FF FF 7B 17
[SIM] heartbeat reply intentionally suppressed; TCP remains connected
[RX] cmd=0x81, seq=0x0004, paramLen=5, time=12:46:28
EA 10 00 01 01 00 90 05 34 04 00 81 02 1E FC FF FF 3A F1
[SIM] heartbeat reply intentionally suppressed; TCP remains connected
[SIM] client disconnected
[SIM] client connected: 127.0.0.1:59219
[RX] cmd=0x01, seq=0x0001, paramLen=28, time=12:46:44
EA 27 00 01 01 00 90 05 34 01 00 01 38 39 38 36 30 38 35 36 31 31 32 34 39 30 32 39 38 36 36 30 02 04 00 00 00 00 00 00 10 69
[TX] cmd=0x01, seq=0x003C, paramLen=0
EA 0B 00 01 01 00 90 05 34 3C 00 01 C9 30
[RX] cmd=0x81, seq=0x0002, paramLen=5, time=12:46:45
EA 10 00 01 01 00 90 05 34 02 00 81 02 1E FC FF FF BA DB
[SIM] heartbeat reply intentionally suppressed; TCP remains connected
[RX] cmd=0x81, seq=0x0003, paramLen=5, time=12:46:55
EA 10 00 01 01 00 90 05 34 03 00 81 02 1E FC FF FF 7B 17
[SIM] heartbeat reply intentionally suppressed; TCP remains connected
[RX] cmd=0x81, seq=0x0004, paramLen=5, time=12:47:05
EA 10 00 01 01 00 90 05 34 04 00 81 02 1E FC FF FF 3A F1
[SIM] heartbeat reply intentionally suppressed; TCP remains connected
[SIM] client disconnected
[SIM] client connected: 127.0.0.1:59255
[RX] cmd=0x01, seq=0x0001, paramLen=28, time=12:47:22
EA 27 00 01 01 00 90 05 34 01 00 01 38 39 38 36 30 38 35 36 31 31 32 34 39 30 32 39 38 36 36 30 02 04 00 00 00 00 00 00 10 69
[TX] cmd=0x01, seq=0x003D, paramLen=0
EA 0B 00 01 01 00 90 05 34 3D 00 01 98 F0
[RX] cmd=0x81, seq=0x0002, paramLen=5, time=12:47:22
EA 10 00 01 01 00 90 05 34 02 00 81 02 1E FC FF FF BA DB
[SIM] heartbeat reply intentionally suppressed; TCP remains connected
[RX] cmd=0x81, seq=0x0003, paramLen=5, time=12:47:32
EA 10 00 01 01 00 90 05 34 03 00 81 02 1E FC FF FF 7B 17
[SIM] heartbeat reply intentionally suppressed; TCP remains connected
[RX] cmd=0x81, seq=0x0004, paramLen=5, time=12:47:43
EA 10 00 01 01 00 90 05 34 04 00 81 02 1E FC FF FF 3A F1
[SIM] heartbeat reply intentionally suppressed; TCP remains connected
[SIM] client disconnected
[SIM] client connected: 127.0.0.1:59298
[RX] cmd=0x01, seq=0x0001, paramLen=28, time=12:47:59
EA 27 00 01 01 00 90 05 34 01 00 01 38 39 38 36 30 38 35 36 31 31 32 34 39 30 32 39 38 36 36 30 02 04 00 00 00 00 00 00 10 69
[TX] cmd=0x01, seq=0x003E, paramLen=0
EA 0B 00 01 01 00 90 05 34 3E 00 01 68 F0
[RX] cmd=0x81, seq=0x0002, paramLen=5, time=12:48:00
EA 10 00 01 01 00 90 05 34 02 00 81 02 1E FC FF FF BA DB
[SIM] heartbeat reply intentionally suppressed; TCP remains connected
[RX] cmd=0x81, seq=0x0003, paramLen=5, time=12:48:10
EA 10 00 01 01 00 90 05 34 03 00 81 02 1E FC FF FF 7B 17
[SIM] heartbeat reply intentionally suppressed; TCP remains connected
[RX] cmd=0x81, seq=0x0004, paramLen=5, time=12:48:20
EA 10 00 01 01 00 90 05 34 04 00 81 02 1E FC FF FF 3A F1
[SIM] heartbeat reply intentionally suppressed; TCP remains connected
[SIM] client disconnected
[SIM] client connected: 127.0.0.1:59337
[RX] cmd=0x01, seq=0x0001, paramLen=28, time=12:48:35
EA 27 00 01 01 00 90 05 34 01 00 01 38 39 38 36 30 38 35 36 31 31 32 34 39 30 32 39 38 36 36 30 02 04 00 00 00 00 00 00 10 69
[TX] cmd=0x01, seq=0x003F, paramLen=0
EA 0B 00 01 01 00 90 05 34 3F 00 01 39 30
[RX] cmd=0x81, seq=0x0002, paramLen=5, time=12:48:36
EA 10 00 01 01 00 90 05 34 02 00 81 02 1E FC FF FF BA DB
[SIM] heartbeat reply intentionally suppressed; TCP remains connected
[RX] cmd=0x81, seq=0x0003, paramLen=5, time=12:48:46
EA 10 00 01 01 00 90 05 34 03 00 81 02 1E FC FF FF 7B 17
[SIM] heartbeat reply intentionally suppressed; TCP remains connected
[RX] cmd=0x81, seq=0x0004, paramLen=5, time=12:48:56
EA 10 00 01 01 00 90 05 34 04 00 81 02 1E FC FF FF 3A F1
[SIM] heartbeat reply intentionally suppressed; TCP remains connected
[SIM] client disconnected
[SIM] client connected: 127.0.0.1:59378
[RX] cmd=0x01, seq=0x0001, paramLen=28, time=12:49:12
EA 27 00 01 01 00 90 05 34 01 00 01 38 39 38 36 30 38 35 36 31 31 32 34 39 30 32 39 38 36 36 30 02 04 00 00 00 00 00 00 10 69
[TX] cmd=0x01, seq=0x0040, paramLen=0
EA 0B 00 01 01 00 90 05 34 40 00 01 08 E8
[RX] cmd=0x81, seq=0x0002, paramLen=5, time=12:49:13
EA 10 00 01 01 00 90 05 34 02 00 81 02 1E FC FF FF BA DB
[SIM] heartbeat reply intentionally suppressed; TCP remains connected
[RX] cmd=0x81, seq=0x0003, paramLen=5, time=12:49:23
EA 10 00 01 01 00 90 05 34 03 00 81 02 1E FC FF FF 7B 17
[SIM] heartbeat reply intentionally suppressed; TCP remains connected
[RX] cmd=0x81, seq=0x0004, paramLen=5, time=12:49:34
EA 10 00 01 01 00 90 05 34 04 00 81 02 1E FC FF FF 3A F1
[SIM] heartbeat reply intentionally suppressed; TCP remains connected
[SIM] client disconnected
[SIM] client connected: 127.0.0.1:59408
[RX] cmd=0x01, seq=0x0001, paramLen=28, time=12:49:49
EA 27 00 01 01 00 90 05 34 01 00 01 38 39 38 36 30 38 35 36 31 31 32 34 39 30 32 39 38 36 36 30 02 04 00 00 00 00 00 00 10 69
[TX] cmd=0x01, seq=0x0041, paramLen=0
EA 0B 00 01 01 00 90 05 34 41 00 01 59 28
[RX] cmd=0x81, seq=0x0002, paramLen=5, time=12:49:50
EA 10 00 01 01 00 90 05 34 02 00 81 02 1E FC FF FF BA DB
[SIM] heartbeat reply intentionally suppressed; TCP remains connected
[RX] cmd=0x81, seq=0x0003, paramLen=5, time=12:50:00
EA 10 00 01 01 00 90 05 34 03 00 81 02 1E FC FF FF 7B 17
[SIM] heartbeat reply intentionally suppressed; TCP remains connected
[RX] cmd=0x81, seq=0x0004, paramLen=5, time=12:50:10
EA 10 00 01 01 00 90 05 34 04 00 81 02 1E FC FF FF 3A F1
[SIM] heartbeat reply intentionally suppressed; TCP remains connected
[SIM] client disconnected
[SIM] client connected: 127.0.0.1:59457
[RX] cmd=0x01, seq=0x0001, paramLen=28, time=12:50:26
EA 27 00 01 01 00 90 05 34 01 00 01 38 39 38 36 30 38 35 36 31 31 32 34 39 30 32 39 38 36 36 30 02 04 00 00 00 00 00 00 10 69
[TX] cmd=0x01, seq=0x0042, paramLen=0
EA 0B 00 01 01 00 90 05 34 42 00 01 A9 28
[RX] cmd=0x81, seq=0x0002, paramLen=5, time=12:50:27
EA 10 00 01 01 00 90 05 34 02 00 81 02 1E FC FF FF BA DB
[SIM] heartbeat reply intentionally suppressed; TCP remains connected
[RX] cmd=0x81, seq=0x0003, paramLen=5, time=12:50:37
EA 10 00 01 01 00 90 05 34 03 00 81 02 1E FC FF FF 7B 17
[SIM] heartbeat reply intentionally suppressed; TCP remains connected
[RX] cmd=0x81, seq=0x0004, paramLen=5, time=12:50:47
EA 10 00 01 01 00 90 05 34 04 00 81 02 1E FC FF FF 3A F1
[SIM] heartbeat reply intentionally suppressed; TCP remains connected
[SIM] client disconnected
[SIM] client connected: 127.0.0.1:59495
[RX] cmd=0x01, seq=0x0001, paramLen=28, time=12:51:03
EA 27 00 01 01 00 90 05 34 01 00 01 38 39 38 36 30 38 35 36 31 31 32 34 39 30 32 39 38 36 36 30 02 04 00 00 00 00 00 00 10 69
[TX] cmd=0x01, seq=0x0043, paramLen=0
EA 0B 00 01 01 00 90 05 34 43 00 01 F8 E8
[RX] cmd=0x81, seq=0x0002, paramLen=5, time=12:51:04
EA 10 00 01 01 00 90 05 34 02 00 81 02 1E FC FF FF BA DB
[SIM] heartbeat reply intentionally suppressed; TCP remains connected
[RX] cmd=0x81, seq=0x0003, paramLen=5, time=12:51:14
EA 10 00 01 01 00 90 05 34 03 00 81 02 1E FC FF FF 7B 17
[SIM] heartbeat reply intentionally suppressed; TCP remains connected
[RX] cmd=0x81, seq=0x0004, paramLen=5, time=12:51:24
EA 10 00 01 01 00 90 05 34 04 00 81 02 1E FC FF FF 3A F1
[SIM] heartbeat reply intentionally suppressed; TCP remains connected
[SIM] client disconnected
[SIM] client connected: 127.0.0.1:59534
[RX] cmd=0x01, seq=0x0001, paramLen=28, time=12:51:40
EA 27 00 01 01 00 90 05 34 01 00 01 38 39 38 36 30 38 35 36 31 31 32 34 39 30 32 39 38 36 36 30 02 04 00 00 00 00 00 00 10 69
[TX] cmd=0x01, seq=0x0044, paramLen=0
EA 0B 00 01 01 00 90 05 34 44 00 01 49 29
[RX] cmd=0x81, seq=0x0002, paramLen=5, time=12:51:41
EA 10 00 01 01 00 90 05 34 02 00 81 02 1E FC FF FF BA DB
[SIM] heartbeat reply intentionally suppressed; TCP remains connected
[RX] cmd=0x81, seq=0x0003, paramLen=5, time=12:51:51
EA 10 00 01 01 00 90 05 34 03 00 81 02 1E FC FF FF 7B 17
[SIM] heartbeat reply intentionally suppressed; TCP remains connected
[RX] cmd=0x81, seq=0x0004, paramLen=5, time=12:52:01
EA 10 00 01 01 00 90 05 34 04 00 81 02 1E FC FF FF 3A F1
[SIM] heartbeat reply intentionally suppressed; TCP remains connected
[SIM] client disconnected
[SIM] client connected: 127.0.0.1:59575
[RX] cmd=0x01, seq=0x0001, paramLen=28, time=12:52:17
EA 27 00 01 01 00 90 05 34 01 00 01 38 39 38 36 30 38 35 36 31 31 32 34 39 30 32 39 38 36 36 30 02 04 00 00 00 00 00 00 10 69
[TX] cmd=0x01, seq=0x0045, paramLen=0
EA 0B 00 01 01 00 90 05 34 45 00 01 18 E9
[RX] cmd=0x81, seq=0x0002, paramLen=5, time=12:52:18
EA 10 00 01 01 00 90 05 34 02 00 81 02 1E FC FF FF BA DB
[SIM] heartbeat reply intentionally suppressed; TCP remains connected
[RX] cmd=0x81, seq=0x0003, paramLen=5, time=12:52:28
EA 10 00 01 01 00 90 05 34 03 00 81 02 1E FC FF FF 7B 17
[SIM] heartbeat reply intentionally suppressed; TCP remains connected
[RX] cmd=0x81, seq=0x0004, paramLen=5, time=12:52:38
EA 10 00 01 01 00 90 05 34 04 00 81 02 1E FC FF FF 3A F1
[SIM] heartbeat reply intentionally suppressed; TCP remains connected
[SIM] client disconnected
[SIM] client connected: 127.0.0.1:59621
[RX] cmd=0x01, seq=0x0001, paramLen=28, time=12:52:54
EA 27 00 01 01 00 90 05 34 01 00 01 38 39 38 36 30 38 35 36 31 31 32 34 39 30 32 39 38 36 36 30 02 04 00 00 00 00 00 00 10 69
[TX] cmd=0x01, seq=0x0046, paramLen=0
EA 0B 00 01 01 00 90 05 34 46 00 01 E8 E9
[RX] cmd=0x81, seq=0x0002, paramLen=5, time=12:52:54
EA 10 00 01 01 00 90 05 34 02 00 81 02 1E FC FF FF BA DB
[SIM] heartbeat reply intentionally suppressed; TCP remains connected
[RX] cmd=0x81, seq=0x0003, paramLen=5, time=12:53:04
EA 10 00 01 01 00 90 05 34 03 00 81 02 1E FC FF FF 7B 17
[SIM] heartbeat reply intentionally suppressed; TCP remains connected
[RX] cmd=0x81, seq=0x0004, paramLen=5, time=12:53:14
EA 10 00 01 01 00 90 05 34 04 00 81 02 1E FC FF FF 3A F1
[SIM] heartbeat reply intentionally suppressed; TCP remains connected
[SIM] client disconnected
[SIM] client connected: 127.0.0.1:59662
[RX] cmd=0x01, seq=0x0001, paramLen=28, time=12:53:30
EA 27 00 01 01 00 90 05 34 01 00 01 38 39 38 36 30 38 35 36 31 31 32 34 39 30 32 39 38 36 36 30 02 04 00 00 00 00 00 00 10 69
[TX] cmd=0x01, seq=0x0047, paramLen=0
EA 0B 00 01 01 00 90 05 34 47 00 01 B9 29
[RX] cmd=0x81, seq=0x0002, paramLen=5, time=12:53:31
EA 10 00 01 01 00 90 05 34 02 00 81 02 1E FC FF FF BA DB
[SIM] heartbeat reply intentionally suppressed; TCP remains connected
[RX] cmd=0x81, seq=0x0003, paramLen=5, time=12:53:41
EA 10 00 01 01 00 90 05 34 03 00 81 02 1E FC FF FF 7B 17
[SIM] heartbeat reply intentionally suppressed; TCP remains connected
[RX] cmd=0x81, seq=0x0004, paramLen=5, time=12:53:51
EA 10 00 01 01 00 90 05 34 04 00 81 02 1E FC FF FF 3A F1
[SIM] heartbeat reply intentionally suppressed; TCP remains connected
[SIM] client disconnected
[SIM] client connected: 127.0.0.1:59708
[RX] cmd=0x01, seq=0x0001, paramLen=28, time=12:54:07
EA 27 00 01 01 00 90 05 34 01 00 01 38 39 38 36 30 38 35 36 31 31 32 34 39 30 32 39 38 36 36 30 02 04 00 00 00 00 00 00 10 69
[TX] cmd=0x01, seq=0x0048, paramLen=0
EA 0B 00 01 01 00 90 05 34 48 00 01 89 2A
[RX] cmd=0x81, seq=0x0002, paramLen=5, time=12:54:08
EA 10 00 01 01 00 90 05 34 02 00 81 02 1E FC FF FF BA DB
[SIM] heartbeat reply intentionally suppressed; TCP remains connected
[RX] cmd=0x81, seq=0x0003, paramLen=5, time=12:54:19
EA 10 00 01 01 00 90 05 34 03 00 81 02 1E FC FF FF 7B 17
[SIM] heartbeat reply intentionally suppressed; TCP remains connected
[RX] cmd=0x81, seq=0x0004, paramLen=5, time=12:54:28
EA 10 00 01 01 00 90 05 34 04 00 81 02 1E FC FF FF 3A F1
[SIM] heartbeat reply intentionally suppressed; TCP remains connected
[SIM] client disconnected
[SIM] client connected: 127.0.0.1:59757
[RX] cmd=0x01, seq=0x0001, paramLen=28, time=12:54:44
EA 27 00 01 01 00 90 05 34 01 00 01 38 39 38 36 30 38 35 36 31 31 32 34 39 30 32 39 38 36 36 30 02 04 00 00 00 00 00 00 10 69
[TX] cmd=0x01, seq=0x0049, paramLen=0
EA 0B 00 01 01 00 90 05 34 49 00 01 D8 EA
[RX] cmd=0x81, seq=0x0002, paramLen=5, time=12:54:45
EA 10 00 01 01 00 90 05 34 02 00 81 02 1E FC FF FF BA DB
[SIM] heartbeat reply intentionally suppressed; TCP remains connected
[RX] cmd=0x81, seq=0x0003, paramLen=5, time=12:54:55
EA 10 00 01 01 00 90 05 34 03 00 81 02 1E FC FF FF 7B 17
[SIM] heartbeat reply intentionally suppressed; TCP remains connected
[RX] cmd=0x81, seq=0x0004, paramLen=5, time=12:55:05
EA 10 00 01 01 00 90 05 34 04 00 81 02 1E FC FF FF 3A F1
[SIM] heartbeat reply intentionally suppressed; TCP remains connected
[SIM] client disconnected
[SIM] client connected: 127.0.0.1:59794
[RX] cmd=0x01, seq=0x0001, paramLen=28, time=12:55:21
EA 27 00 01 01 00 90 05 34 01 00 01 38 39 38 36 30 38 35 36 31 31 32 34 39 30 32 39 38 36 36 30 02 04 00 00 00 00 00 00 10 69
[TX] cmd=0x01, seq=0x004A, paramLen=0
EA 0B 00 01 01 00 90 05 34 4A 00 01 28 EA
[RX] cmd=0x81, seq=0x0002, paramLen=5, time=12:55:22
EA 10 00 01 01 00 90 05 34 02 00 81 02 1E FC FF FF BA DB
[SIM] heartbeat reply intentionally suppressed; TCP remains connected
[RX] cmd=0x81, seq=0x0003, paramLen=5, time=12:55:32
EA 10 00 01 01 00 90 05 34 03 00 81 02 1E FC FF FF 7B 17
[SIM] heartbeat reply intentionally suppressed; TCP remains connected
[RX] cmd=0x81, seq=0x0004, paramLen=5, time=12:55:42
EA 10 00 01 01 00 90 05 34 04 00 81 02 1E FC FF FF 3A F1
[SIM] heartbeat reply intentionally suppressed; TCP remains connected
[SIM] client disconnected
[SIM] client connected: 127.0.0.1:59854
[RX] cmd=0x01, seq=0x0001, paramLen=28, time=12:55:58
EA 27 00 01 01 00 90 05 34 01 00 01 38 39 38 36 30 38 35 36 31 31 32 34 39 30 32 39 38 36 36 30 02 04 00 00 00 00 00 00 10 69
[TX] cmd=0x01, seq=0x004B, paramLen=0
EA 0B 00 01 01 00 90 05 34 4B 00 01 79 2A
[RX] cmd=0x81, seq=0x0002, paramLen=5, time=12:55:59
EA 10 00 01 01 00 90 05 34 02 00 81 02 1E FC FF FF BA DB
[SIM] heartbeat reply intentionally suppressed; TCP remains connected
[RX] cmd=0x81, seq=0x0003, paramLen=5, time=12:56:09
EA 10 00 01 01 00 90 05 34 03 00 81 02 1E FC FF FF 7B 17
[SIM] heartbeat reply intentionally suppressed; TCP remains connected
[RX] cmd=0x81, seq=0x0004, paramLen=5, time=12:56:19
EA 10 00 01 01 00 90 05 34 04 00 81 02 1E FC FF FF 3A F1
[SIM] heartbeat reply intentionally suppressed; TCP remains connected
[SIM] client disconnected
[SIM] client connected: 127.0.0.1:59904
[RX] cmd=0x01, seq=0x0001, paramLen=28, time=12:56:35
EA 27 00 01 01 00 90 05 34 01 00 01 38 39 38 36 30 38 35 36 31 31 32 34 39 30 32 39 38 36 36 30 02 04 00 00 00 00 00 00 10 69
[TX] cmd=0x01, seq=0x004C, paramLen=0
EA 0B 00 01 01 00 90 05 34 4C 00 01 C8 EB
[RX] cmd=0x81, seq=0x0002, paramLen=5, time=12:56:36
EA 10 00 01 01 00 90 05 34 02 00 81 02 1E FC FF FF BA DB
[SIM] heartbeat reply intentionally suppressed; TCP remains connected
[RX] cmd=0x81, seq=0x0003, paramLen=5, time=12:56:46
EA 10 00 01 01 00 90 05 34 03 00 81 02 1E FC FF FF 7B 17
[SIM] heartbeat reply intentionally suppressed; TCP remains connected
[RX] cmd=0x81, seq=0x0004, paramLen=5, time=12:56:56
EA 10 00 01 01 00 90 05 34 04 00 81 02 1E FC FF FF 3A F1
[SIM] heartbeat reply intentionally suppressed; TCP remains connected
[SIM] client disconnected
[SIM] client connected: 127.0.0.1:59931
[RX] cmd=0x01, seq=0x0001, paramLen=28, time=12:57:12
EA 27 00 01 01 00 90 05 34 01 00 01 38 39 38 36 30 38 35 36 31 31 32 34 39 30 32 39 38 36 36 30 02 04 00 00 00 00 00 00 10 69
[TX] cmd=0x01, seq=0x004D, paramLen=0
EA 0B 00 01 01 00 90 05 34 4D 00 01 99 2B
[RX] cmd=0x81, seq=0x0002, paramLen=5, time=12:57:13
EA 10 00 01 01 00 90 05 34 02 00 81 02 1E FC FF FF BA DB
[SIM] heartbeat reply intentionally suppressed; TCP remains connected
[RX] cmd=0x81, seq=0x0003, paramLen=5, time=12:57:23
EA 10 00 01 01 00 90 05 34 03 00 81 02 1E FC FF FF 7B 17
[SIM] heartbeat reply intentionally suppressed; TCP remains connected
[RX] cmd=0x81, seq=0x0004, paramLen=5, time=12:57:33
EA 10 00 01 01 00 90 05 34 04 00 81 02 1E FC FF FF 3A F1
[SIM] heartbeat reply intentionally suppressed; TCP remains connected
[SIM] client disconnected
[SIM] client connected: 127.0.0.1:59975
[RX] cmd=0x01, seq=0x0001, paramLen=28, time=12:57:49
EA 27 00 01 01 00 90 05 34 01 00 01 38 39 38 36 30 38 35 36 31 31 32 34 39 30 32 39 38 36 36 30 02 04 00 00 00 00 00 00 10 69
[TX] cmd=0x01, seq=0x004E, paramLen=0
EA 0B 00 01 01 00 90 05 34 4E 00 01 69 2B
[RX] cmd=0x81, seq=0x0002, paramLen=5, time=12:57:50
EA 10 00 01 01 00 90 05 34 02 00 81 02 1E FC FF FF BA DB
[SIM] heartbeat reply intentionally suppressed; TCP remains connected
[RX] cmd=0x81, seq=0x0003, paramLen=5, time=12:58:00
EA 10 00 01 01 00 90 05 34 03 00 81 02 1E FC FF FF 7B 17
[SIM] heartbeat reply intentionally suppressed; TCP remains connected
[RX] cmd=0x81, seq=0x0004, paramLen=5, time=12:58:10
EA 10 00 01 01 00 90 05 34 04 00 81 02 1E FC FF FF 3A F1
[SIM] heartbeat reply intentionally suppressed; TCP remains connected
[SIM] client disconnected
[SIM] client connected: 127.0.0.1:60005
[RX] cmd=0x01, seq=0x0001, paramLen=28, time=12:58:26
EA 27 00 01 01 00 90 05 34 01 00 01 38 39 38 36 30 38 35 36 31 31 32 34 39 30 32 39 38 36 36 30 02 04 00 00 00 00 00 00 10 69
[TX] cmd=0x01, seq=0x004F, paramLen=0
EA 0B 00 01 01 00 90 05 34 4F 00 01 38 EB
[RX] cmd=0x81, seq=0x0002, paramLen=5, time=12:58:27
EA 10 00 01 01 00 90 05 34 02 00 81 02 1E FC FF FF BA DB
[SIM] heartbeat reply intentionally suppressed; TCP remains connected
[RX] cmd=0x81, seq=0x0003, paramLen=5, time=12:58:37
EA 10 00 01 01 00 90 05 34 03 00 81 02 1E FC FF FF 7B 17
[SIM] heartbeat reply intentionally suppressed; TCP remains connected
[RX] cmd=0x81, seq=0x0004, paramLen=5, time=12:58:47
EA 10 00 01 01 00 90 05 34 04 00 81 02 1E FC FF FF 3A F1
[SIM] heartbeat reply intentionally suppressed; TCP remains connected
[SIM] client disconnected
[SIM] client connected: 127.0.0.1:60053
[RX] cmd=0x01, seq=0x0001, paramLen=28, time=12:59:03
EA 27 00 01 01 00 90 05 34 01 00 01 38 39 38 36 30 38 35 36 31 31 32 34 39 30 32 39 38 36 36 30 02 04 00 00 00 00 00 00 10 69
[TX] cmd=0x01, seq=0x0050, paramLen=0
EA 0B 00 01 01 00 90 05 34 50 00 01 09 2D
[RX] cmd=0x81, seq=0x0002, paramLen=5, time=12:59:04
EA 10 00 01 01 00 90 05 34 02 00 81 02 1E FC FF FF BA DB
[SIM] heartbeat reply intentionally suppressed; TCP remains connected
[RX] cmd=0x81, seq=0x0003, paramLen=5, time=12:59:14
EA 10 00 01 01 00 90 05 34 03 00 81 02 1E FC FF FF 7B 17
[SIM] heartbeat reply intentionally suppressed; TCP remains connected
[RX] cmd=0x81, seq=0x0004, paramLen=5, time=12:59:24
EA 10 00 01 01 00 90 05 34 04 00 81 02 1E FC FF FF 3A F1
[SIM] heartbeat reply intentionally suppressed; TCP remains connected
[SIM] client disconnected
[SIM] client connected: 127.0.0.1:60092
[RX] cmd=0x01, seq=0x0001, paramLen=28, time=12:59:40
EA 27 00 01 01 00 90 05 34 01 00 01 38 39 38 36 30 38 35 36 31 31 32 34 39 30 32 39 38 36 36 30 02 04 00 00 00 00 00 00 10 69
[TX] cmd=0x01, seq=0x0051, paramLen=0
EA 0B 00 01 01 00 90 05 34 51 00 01 58 ED
[RX] cmd=0x81, seq=0x0002, paramLen=5, time=12:59:41
EA 10 00 01 01 00 90 05 34 02 00 81 02 1E FC FF FF BA DB
[SIM] heartbeat reply intentionally suppressed; TCP remains connected
[RX] cmd=0x81, seq=0x0003, paramLen=5, time=12:59:51
EA 10 00 01 01 00 90 05 34 03 00 81 02 1E FC FF FF 7B 17
[SIM] heartbeat reply intentionally suppressed; TCP remains connected
[RX] cmd=0x81, seq=0x0004, paramLen=5, time=13:00:01
EA 10 00 01 01 00 90 05 34 04 00 81 02 1E FC FF FF 3A F1
[SIM] heartbeat reply intentionally suppressed; TCP remains connected
[SIM] client disconnected
[SIM] client connected: 127.0.0.1:60130
[RX] cmd=0x01, seq=0x0001, paramLen=28, time=13:00:17
EA 27 00 01 01 00 90 05 34 01 00 01 38 39 38 36 30 38 35 36 31 31 32 34 39 30 32 39 38 36 36 30 02 04 00 00 00 00 00 00 10 69
[TX] cmd=0x01, seq=0x0052, paramLen=0
EA 0B 00 01 01 00 90 05 34 52 00 01 A8 ED
[RX] cmd=0x81, seq=0x0002, paramLen=5, time=13:00:18
EA 10 00 01 01 00 90 05 34 02 00 81 02 1E FC FF FF BA DB
[SIM] heartbeat reply intentionally suppressed; TCP remains connected
[RX] cmd=0x81, seq=0x0003, paramLen=5, time=13:00:29
EA 10 00 01 01 00 90 05 34 03 00 81 02 1E FC FF FF 7B 17
[SIM] heartbeat reply intentionally suppressed; TCP remains connected
[RX] cmd=0x81, seq=0x0004, paramLen=5, time=13:00:38
EA 10 00 01 01 00 90 05 34 04 00 81 02 1E FC FF FF 3A F1
[SIM] heartbeat reply intentionally suppressed; TCP remains connected
[SIM] client disconnected
[SIM] client connected: 127.0.0.1:60184
[RX] cmd=0x01, seq=0x0001, paramLen=28, time=13:00:55
EA 27 00 01 01 00 90 05 34 01 00 01 38 39 38 36 30 38 35 36 31 31 32 34 39 30 32 39 38 36 36 30 02 04 00 00 00 00 00 00 10 69
[TX] cmd=0x01, seq=0x0053, paramLen=0
EA 0B 00 01 01 00 90 05 34 53 00 01 F9 2D
[RX] cmd=0x81, seq=0x0002, paramLen=5, time=13:00:55
EA 10 00 01 01 00 90 05 34 02 00 81 02 1E FC FF FF BA DB
[SIM] heartbeat reply intentionally suppressed; TCP remains connected
[RX] cmd=0x81, seq=0x0003, paramLen=5, time=13:01:05
EA 10 00 01 01 00 90 05 34 03 00 81 02 1E FC FF FF 7B 17
[SIM] heartbeat reply intentionally suppressed; TCP remains connected
[RX] cmd=0x81, seq=0x0004, paramLen=5, time=13:01:16
EA 10 00 01 01 00 90 05 34 04 00 81 02 1E FC FF FF 3A F1
[SIM] heartbeat reply intentionally suppressed; TCP remains connected
[SIM] client disconnected
[SIM] client connected: 127.0.0.1:60213
[RX] cmd=0x01, seq=0x0001, paramLen=28, time=13:01:32
EA 27 00 01 01 00 90 05 34 01 00 01 38 39 38 36 30 38 35 36 31 31 32 34 39 30 32 39 38 36 36 30 02 04 00 00 00 00 00 00 10 69
[TX] cmd=0x01, seq=0x0054, paramLen=0
EA 0B 00 01 01 00 90 05 34 54 00 01 48 EC
[RX] cmd=0x81, seq=0x0002, paramLen=5, time=13:01:33
EA 10 00 01 01 00 90 05 34 02 00 81 02 1E FC FF FF BA DB
[SIM] heartbeat reply intentionally suppressed; TCP remains connected
[RX] cmd=0x81, seq=0x0003, paramLen=5, time=13:01:43
EA 10 00 01 01 00 90 05 34 03 00 81 02 1E FC FF FF 7B 17
[SIM] heartbeat reply intentionally suppressed; TCP remains connected
[RX] cmd=0x81, seq=0x0004, paramLen=5, time=13:01:53
EA 10 00 01 01 00 90 05 34 04 00 81 02 1E FC FF FF 3A F1
[SIM] heartbeat reply intentionally suppressed; TCP remains connected
[SIM] client disconnected
[SIM] client connected: 127.0.0.1:60262
[RX] cmd=0x01, seq=0x0001, paramLen=28, time=13:02:09
EA 27 00 01 01 00 90 05 34 01 00 01 38 39 38 36 30 38 35 36 31 31 32 34 39 30 32 39 38 36 36 30 02 04 00 00 00 00 00 00 10 69
[TX] cmd=0x01, seq=0x0055, paramLen=0
EA 0B 00 01 01 00 90 05 34 55 00 01 19 2C
[RX] cmd=0x81, seq=0x0002, paramLen=5, time=13:02:10
EA 10 00 01 01 00 90 05 34 02 00 81 02 1E FC FF FF BA DB
[SIM] heartbeat reply intentionally suppressed; TCP remains connected
[RX] cmd=0x81, seq=0x0003, paramLen=5, time=13:02:20
EA 10 00 01 01 00 90 05 34 03 00 81 02 1E FC FF FF 7B 17
[SIM] heartbeat reply intentionally suppressed; TCP remains connected
[RX] cmd=0x81, seq=0x0004, paramLen=5, time=13:02:30
EA 10 00 01 01 00 90 05 34 04 00 81 02 1E FC FF FF 3A F1
[SIM] heartbeat reply intentionally suppressed; TCP remains connected
[SIM] client disconnected
[SIM] client connected: 127.0.0.1:60309
[RX] cmd=0x01, seq=0x0001, paramLen=28, time=13:02:46
EA 27 00 01 01 00 90 05 34 01 00 01 38 39 38 36 30 38 35 36 31 31 32 34 39 30 32 39 38 36 36 30 02 04 00 00 00 00 00 00 10 69
[TX] cmd=0x01, seq=0x0056, paramLen=0
EA 0B 00 01 01 00 90 05 34 56 00 01 E9 2C
[RX] cmd=0x81, seq=0x0002, paramLen=5, time=13:02:47
EA 10 00 01 01 00 90 05 34 02 00 81 02 1E FC FF FF BA DB
[SIM] heartbeat reply intentionally suppressed; TCP remains connected
[RX] cmd=0x81, seq=0x0003, paramLen=5, time=13:02:58
EA 10 00 01 01 00 90 05 34 03 00 81 02 1E FC FF FF 7B 17
[SIM] heartbeat reply intentionally suppressed; TCP remains connected
[RX] cmd=0x81, seq=0x0004, paramLen=5, time=13:03:07
EA 10 00 01 01 00 90 05 34 04 00 81 02 1E FC FF FF 3A F1
[SIM] heartbeat reply intentionally suppressed; TCP remains connected
[SIM] client disconnected
[SIM] client connected: 127.0.0.1:60358
[RX] cmd=0x01, seq=0x0001, paramLen=28, time=13:03:24
EA 27 00 01 01 00 90 05 34 01 00 01 38 39 38 36 30 38 35 36 31 31 32 34 39 30 32 39 38 36 36 30 02 04 00 00 00 00 00 00 10 69
[TX] cmd=0x01, seq=0x0057, paramLen=0
EA 0B 00 01 01 00 90 05 34 57 00 01 B8 EC
[RX] cmd=0x81, seq=0x0002, paramLen=5, time=13:03:25
EA 10 00 01 01 00 90 05 34 02 00 81 02 1E FC FF FF BA DB
[SIM] heartbeat reply intentionally suppressed; TCP remains connected
[RX] cmd=0x81, seq=0x0003, paramLen=5, time=13:03:35
EA 10 00 01 01 00 90 05 34 03 00 81 02 1E FC FF FF 7B 17
[SIM] heartbeat reply intentionally suppressed; TCP remains connected
[RX] cmd=0x81, seq=0x0004, paramLen=5, time=13:03:45
EA 10 00 01 01 00 90 05 34 04 00 81 02 1E FC FF FF 3A F1
[SIM] heartbeat reply intentionally suppressed; TCP remains connected
[SIM] client disconnected
[SIM] client connected: 127.0.0.1:60398
[RX] cmd=0x01, seq=0x0001, paramLen=28, time=13:04:01
EA 27 00 01 01 00 90 05 34 01 00 01 38 39 38 36 30 38 35 36 31 31 32 34 39 30 32 39 38 36 36 30 02 04 00 00 00 00 00 00 10 69
[TX] cmd=0x01, seq=0x0058, paramLen=0
EA 0B 00 01 01 00 90 05 34 58 00 01 88 EF
[RX] cmd=0x81, seq=0x0002, paramLen=5, time=13:04:02
EA 10 00 01 01 00 90 05 34 02 00 81 02 1E FC FF FF BA DB
[SIM] heartbeat reply intentionally suppressed; TCP remains connected
[RX] cmd=0x81, seq=0x0003, paramLen=5, time=13:04:12
EA 10 00 01 01 00 90 05 34 03 00 81 02 1E FC FF FF 7B 17
[SIM] heartbeat reply intentionally suppressed; TCP remains connected
[RX] cmd=0x81, seq=0x0004, paramLen=5, time=13:04:22
EA 10 00 01 01 00 90 05 34 04 00 81 02 1E FC FF FF 3A F1
[SIM] heartbeat reply intentionally suppressed; TCP remains connected
[SIM] client disconnected
[SIM] client connected: 127.0.0.1:60434
[RX] cmd=0x01, seq=0x0001, paramLen=28, time=13:04:38
EA 27 00 01 01 00 90 05 34 01 00 01 38 39 38 36 30 38 35 36 31 31 32 34 39 30 32 39 38 36 36 30 02 04 00 00 00 00 00 00 10 69
[TX] cmd=0x01, seq=0x0059, paramLen=0
EA 0B 00 01 01 00 90 05 34 59 00 01 D9 2F
[RX] cmd=0x81, seq=0x0002, paramLen=5, time=13:04:38
EA 10 00 01 01 00 90 05 34 02 00 81 02 1E FC FF FF BA DB
[SIM] heartbeat reply intentionally suppressed; TCP remains connected
[RX] cmd=0x81, seq=0x0003, paramLen=5, time=13:04:48
EA 10 00 01 01 00 90 05 34 03 00 81 02 1E FC FF FF 7B 17
[SIM] heartbeat reply intentionally suppressed; TCP remains connected
[RX] cmd=0x81, seq=0x0004, paramLen=5, time=13:04:58
EA 10 00 01 01 00 90 05 34 04 00 81 02 1E FC FF FF 3A F1
[SIM] heartbeat reply intentionally suppressed; TCP remains connected
[SIM] client disconnected
[SIM] client connected: 127.0.0.1:60475
[RX] cmd=0x01, seq=0x0001, paramLen=28, time=13:05:14
EA 27 00 01 01 00 90 05 34 01 00 01 38 39 38 36 30 38 35 36 31 31 32 34 39 30 32 39 38 36 36 30 02 04 00 00 00 00 00 00 10 69
[TX] cmd=0x01, seq=0x005A, paramLen=0
EA 0B 00 01 01 00 90 05 34 5A 00 01 29 2F
[RX] cmd=0x81, seq=0x0002, paramLen=5, time=13:05:15
EA 10 00 01 01 00 90 05 34 02 00 81 02 1E FC FF FF BA DB
[SIM] heartbeat reply intentionally suppressed; TCP remains connected
[RX] cmd=0x81, seq=0x0003, paramLen=5, time=13:05:25
EA 10 00 01 01 00 90 05 34 03 00 81 02 1E FC FF FF 7B 17
[SIM] heartbeat reply intentionally suppressed; TCP remains connected
[RX] cmd=0x81, seq=0x0004, paramLen=5, time=13:05:35
EA 10 00 01 01 00 90 05 34 04 00 81 02 1E FC FF FF 3A F1
[SIM] heartbeat reply intentionally suppressed; TCP remains connected
[SIM] client disconnected
[SIM] client connected: 127.0.0.1:60537
[RX] cmd=0x01, seq=0x0001, paramLen=28, time=13:05:51
EA 27 00 01 01 00 90 05 34 01 00 01 38 39 38 36 30 38 35 36 31 31 32 34 39 30 32 39 38 36 36 30 02 04 00 00 00 00 00 00 10 69
[TX] cmd=0x01, seq=0x005B, paramLen=0
EA 0B 00 01 01 00 90 05 34 5B 00 01 78 EF
[RX] cmd=0x81, seq=0x0002, paramLen=5, time=13:05:52
EA 10 00 01 01 00 90 05 34 02 00 81 02 1E FC FF FF BA DB
[SIM] heartbeat reply intentionally suppressed; TCP remains connected
[RX] cmd=0x81, seq=0x0003, paramLen=5, time=13:06:02
EA 10 00 01 01 00 90 05 34 03 00 81 02 1E FC FF FF 7B 17
[SIM] heartbeat reply intentionally suppressed; TCP remains connected
[RX] cmd=0x81, seq=0x0004, paramLen=5, time=13:06:12
EA 10 00 01 01 00 90 05 34 04 00 81 02 1E FC FF FF 3A F1
[SIM] heartbeat reply intentionally suppressed; TCP remains connected
[SIM] client disconnected
[SIM] client connected: 127.0.0.1:60574
[RX] cmd=0x01, seq=0x0001, paramLen=28, time=13:06:28
EA 27 00 01 01 00 90 05 34 01 00 01 38 39 38 36 30 38 35 36 31 31 32 34 39 30 32 39 38 36 36 30 02 04 00 00 00 00 00 00 10 69
[TX] cmd=0x01, seq=0x005C, paramLen=0
EA 0B 00 01 01 00 90 05 34 5C 00 01 C9 2E
[RX] cmd=0x81, seq=0x0002, paramLen=5, time=13:06:29
EA 10 00 01 01 00 90 05 34 02 00 81 02 1E FC FF FF BA DB
[SIM] heartbeat reply intentionally suppressed; TCP remains connected
[RX] cmd=0x81, seq=0x0003, paramLen=5, time=13:06:39
EA 10 00 01 01 00 90 05 34 03 00 81 02 1E FC FF FF 7B 17
[SIM] heartbeat reply intentionally suppressed; TCP remains connected
[RX] cmd=0x81, seq=0x0004, paramLen=5, time=13:06:49
EA 10 00 01 01 00 90 05 34 04 00 81 02 1E FC FF FF 3A F1
[SIM] heartbeat reply intentionally suppressed; TCP remains connected
[SIM] client disconnected
[SIM] client connected: 127.0.0.1:60629
[RX] cmd=0x01, seq=0x0001, paramLen=28, time=13:07:05
EA 27 00 01 01 00 90 05 34 01 00 01 38 39 38 36 30 38 35 36 31 31 32 34 39 30 32 39 38 36 36 30 02 04 00 00 00 00 00 00 10 69
[TX] cmd=0x01, seq=0x005D, paramLen=0
EA 0B 00 01 01 00 90 05 34 5D 00 01 98 EE
[RX] cmd=0x81, seq=0x0002, paramLen=5, time=13:07:06
EA 10 00 01 01 00 90 05 34 02 00 81 02 1E FC FF FF BA DB
[SIM] heartbeat reply intentionally suppressed; TCP remains connected
[RX] cmd=0x81, seq=0x0003, paramLen=5, time=13:07:16
EA 10 00 01 01 00 90 05 34 03 00 81 02 1E FC FF FF 7B 17
[SIM] heartbeat reply intentionally suppressed; TCP remains connected
[RX] cmd=0x81, seq=0x0004, paramLen=5, time=13:07:26
EA 10 00 01 01 00 90 05 34 04 00 81 02 1E FC FF FF 3A F1
[SIM] heartbeat reply intentionally suppressed; TCP remains connected
[SIM] client disconnected
[SIM] client connected: 127.0.0.1:60660
[RX] cmd=0x01, seq=0x0001, paramLen=28, time=13:07:42
EA 27 00 01 01 00 90 05 34 01 00 01 38 39 38 36 30 38 35 36 31 31 32 34 39 30 32 39 38 36 36 30 02 04 00 00 00 00 00 00 10 69
[TX] cmd=0x01, seq=0x005E, paramLen=0
EA 0B 00 01 01 00 90 05 34 5E 00 01 68 EE
[RX] cmd=0x81, seq=0x0002, paramLen=5, time=13:07:43
EA 10 00 01 01 00 90 05 34 02 00 81 02 1E FC FF FF BA DB
[SIM] heartbeat reply intentionally suppressed; TCP remains connected
[RX] cmd=0x81, seq=0x0003, paramLen=5, time=13:07:53
EA 10 00 01 01 00 90 05 34 03 00 81 02 1E FC FF FF 7B 17
[SIM] heartbeat reply intentionally suppressed; TCP remains connected
[RX] cmd=0x81, seq=0x0004, paramLen=5, time=13:08:03
EA 10 00 01 01 00 90 05 34 04 00 81 02 1E FC FF FF 3A F1
[SIM] heartbeat reply intentionally suppressed; TCP remains connected
[SIM] client disconnected
[SIM] client connected: 127.0.0.1:60706
[RX] cmd=0x01, seq=0x0001, paramLen=28, time=13:08:19
EA 27 00 01 01 00 90 05 34 01 00 01 38 39 38 36 30 38 35 36 31 31 32 34 39 30 32 39 38 36 36 30 02 04 00 00 00 00 00 00 10 69
[TX] cmd=0x01, seq=0x005F, paramLen=0
EA 0B 00 01 01 00 90 05 34 5F 00 01 39 2E
[RX] cmd=0x81, seq=0x0002, paramLen=5, time=13:08:20
EA 10 00 01 01 00 90 05 34 02 00 81 02 1E FC FF FF BA DB
[SIM] heartbeat reply intentionally suppressed; TCP remains connected
[RX] cmd=0x81, seq=0x0003, paramLen=5, time=13:08:30
EA 10 00 01 01 00 90 05 34 03 00 81 02 1E FC FF FF 7B 17
[SIM] heartbeat reply intentionally suppressed; TCP remains connected
[RX] cmd=0x81, seq=0x0004, paramLen=5, time=13:08:40
EA 10 00 01 01 00 90 05 34 04 00 81 02 1E FC FF FF 3A F1
[SIM] heartbeat reply intentionally suppressed; TCP remains connected
[SIM] client disconnected
[SIM] client connected: 127.0.0.1:60759
[RX] cmd=0x01, seq=0x0001, paramLen=28, time=13:08:56
EA 27 00 01 01 00 90 05 34 01 00 01 38 39 38 36 30 38 35 36 31 31 32 34 39 30 32 39 38 36 36 30 02 04 00 00 00 00 00 00 10 69
[TX] cmd=0x01, seq=0x0060, paramLen=0
EA 0B 00 01 01 00 90 05 34 60 00 01 09 22
[RX] cmd=0x81, seq=0x0002, paramLen=5, time=13:08:57
EA 10 00 01 01 00 90 05 34 02 00 81 02 1E FC FF FF BA DB
[SIM] heartbeat reply intentionally suppressed; TCP remains connected
[RX] cmd=0x81, seq=0x0003, paramLen=5, time=13:09:07
EA 10 00 01 01 00 90 05 34 03 00 81 02 1E FC FF FF 7B 17
[SIM] heartbeat reply intentionally suppressed; TCP remains connected
[RX] cmd=0x81, seq=0x0004, paramLen=5, time=13:09:17
EA 10 00 01 01 00 90 05 34 04 00 81 02 1E FC FF FF 3A F1
[SIM] heartbeat reply intentionally suppressed; TCP remains connected
[SIM] client disconnected
[SIM] client connected: 127.0.0.1:60784
[RX] cmd=0x01, seq=0x0001, paramLen=28, time=13:09:33
EA 27 00 01 01 00 90 05 34 01 00 01 38 39 38 36 30 38 35 36 31 31 32 34 39 30 32 39 38 36 36 30 02 04 00 00 00 00 00 00 10 69
[TX] cmd=0x01, seq=0x0061, paramLen=0
EA 0B 00 01 01 00 90 05 34 61 00 01 58 E2
[RX] cmd=0x81, seq=0x0002, paramLen=5, time=13:09:34
EA 10 00 01 01 00 90 05 34 02 00 81 02 1E FC FF FF BA DB
[SIM] heartbeat reply intentionally suppressed; TCP remains connected
[RX] cmd=0x81, seq=0x0003, paramLen=5, time=13:09:45
EA 10 00 01 01 00 90 05 34 03 00 81 02 1E FC FF FF 7B 17
[SIM] heartbeat reply intentionally suppressed; TCP remains connected
[RX] cmd=0x81, seq=0x0004, paramLen=5, time=13:09:55
EA 10 00 01 01 00 90 05 34 04 00 81 02 1E FC FF FF 3A F1
[SIM] heartbeat reply intentionally suppressed; TCP remains connected
[SIM] client disconnected
[SIM] client connected: 127.0.0.1:60832
[RX] cmd=0x01, seq=0x0001, paramLen=28, time=13:10:11
EA 27 00 01 01 00 90 05 34 01 00 01 38 39 38 36 30 38 35 36 31 31 32 34 39 30 32 39 38 36 36 30 02 04 00 00 00 00 00 00 10 69
[TX] cmd=0x01, seq=0x0062, paramLen=0
EA 0B 00 01 01 00 90 05 34 62 00 01 A8 E2
[RX] cmd=0x81, seq=0x0002, paramLen=5, time=13:10:12
EA 10 00 01 01 00 90 05 34 02 00 81 02 1E FC FF FF BA DB
[SIM] heartbeat reply intentionally suppressed; TCP remains connected
[RX] cmd=0x81, seq=0x0003, paramLen=5, time=13:10:22
EA 10 00 01 01 00 90 05 34 03 00 81 02 1E FC FF FF 7B 17
[SIM] heartbeat reply intentionally suppressed; TCP remains connected
[RX] cmd=0x81, seq=0x0004, paramLen=5, time=13:10:32
EA 10 00 01 01 00 90 05 34 04 00 81 02 1E FC FF FF 3A F1
[SIM] heartbeat reply intentionally suppressed; TCP remains connected
[SIM] client disconnected
[SIM] client connected: 127.0.0.1:60864
[RX] cmd=0x01, seq=0x0001, paramLen=28, time=13:10:48
EA 27 00 01 01 00 90 05 34 01 00 01 38 39 38 36 30 38 35 36 31 31 32 34 39 30 32 39 38 36 36 30 02 04 00 00 00 00 00 00 10 69
[TX] cmd=0x01, seq=0x0063, paramLen=0
EA 0B 00 01 01 00 90 05 34 63 00 01 F9 22
[RX] cmd=0x81, seq=0x0002, paramLen=5, time=13:10:49
EA 10 00 01 01 00 90 05 34 02 00 81 02 1E FC FF FF BA DB
[SIM] heartbeat reply intentionally suppressed; TCP remains connected
[RX] cmd=0x81, seq=0x0003, paramLen=5, time=13:10:59
EA 10 00 01 01 00 90 05 34 03 00 81 02 1E FC FF FF 7B 17
[SIM] heartbeat reply intentionally suppressed; TCP remains connected
[RX] cmd=0x81, seq=0x0004, paramLen=5, time=13:11:09
EA 10 00 01 01 00 90 05 34 04 00 81 02 1E FC FF FF 3A F1
[SIM] heartbeat reply intentionally suppressed; TCP remains connected
[SIM] client disconnected
[SIM] client connected: 127.0.0.1:60915
[RX] cmd=0x01, seq=0x0001, paramLen=28, time=13:11:25
EA 27 00 01 01 00 90 05 34 01 00 01 38 39 38 36 30 38 35 36 31 31 32 34 39 30 32 39 38 36 36 30 02 04 00 00 00 00 00 00 10 69
[TX] cmd=0x01, seq=0x0064, paramLen=0
EA 0B 00 01 01 00 90 05 34 64 00 01 48 E3
[RX] cmd=0x81, seq=0x0002, paramLen=5, time=13:11:26
EA 10 00 01 01 00 90 05 34 02 00 81 02 1E FC FF FF BA DB
[SIM] heartbeat reply intentionally suppressed; TCP remains connected
[RX] cmd=0x81, seq=0x0003, paramLen=5, time=13:11:36
EA 10 00 01 01 00 90 05 34 03 00 81 02 1E FC FF FF 7B 17
[SIM] heartbeat reply intentionally suppressed; TCP remains connected
[RX] cmd=0x81, seq=0x0004, paramLen=5, time=13:11:46
EA 10 00 01 01 00 90 05 34 04 00 81 02 1E FC FF FF 3A F1
[SIM] heartbeat reply intentionally suppressed; TCP remains connected
[SIM] client disconnected
[SIM] client connected: 127.0.0.1:60963
[RX] cmd=0x01, seq=0x0001, paramLen=28, time=13:12:01
EA 27 00 01 01 00 90 05 34 01 00 01 38 39 38 36 30 38 35 36 31 31 32 34 39 30 32 39 38 36 36 30 02 04 00 00 00 00 00 00 10 69
[TX] cmd=0x01, seq=0x0065, paramLen=0
EA 0B 00 01 01 00 90 05 34 65 00 01 19 23
[RX] cmd=0x81, seq=0x0002, paramLen=5, time=13:12:02
EA 10 00 01 01 00 90 05 34 02 00 81 02 1E FC FF FF BA DB
[SIM] heartbeat reply intentionally suppressed; TCP remains connected
[RX] cmd=0x81, seq=0x0003, paramLen=5, time=13:12:12
EA 10 00 01 01 00 90 05 34 03 00 81 02 1E FC FF FF 7B 17
[SIM] heartbeat reply intentionally suppressed; TCP remains connected
[RX] cmd=0x81, seq=0x0004, paramLen=5, time=13:12:22
EA 10 00 01 01 00 90 05 34 04 00 81 02 1E FC FF FF 3A F1
[SIM] heartbeat reply intentionally suppressed; TCP remains connected
[SIM] client disconnected
[SIM] client connected: 127.0.0.1:61007
[RX] cmd=0x01, seq=0x0001, paramLen=28, time=13:12:39
EA 27 00 01 01 00 90 05 34 01 00 01 38 39 38 36 30 38 35 36 31 31 32 34 39 30 32 39 38 36 36 30 02 04 00 00 00 00 00 00 10 69
[TX] cmd=0x01, seq=0x0066, paramLen=0
EA 0B 00 01 01 00 90 05 34 66 00 01 E9 23
[RX] cmd=0x81, seq=0x0002, paramLen=5, time=13:12:40
EA 10 00 01 01 00 90 05 34 02 00 81 02 1E FC FF FF BA DB
[SIM] heartbeat reply intentionally suppressed; TCP remains connected
[RX] cmd=0x81, seq=0x0003, paramLen=5, time=13:12:50
EA 10 00 01 01 00 90 05 34 03 00 81 02 1E FC FF FF 7B 17
[SIM] heartbeat reply intentionally suppressed; TCP remains connected
[RX] cmd=0x81, seq=0x0004, paramLen=5, time=13:13:00
EA 10 00 01 01 00 90 05 34 04 00 81 02 1E FC FF FF 3A F1
[SIM] heartbeat reply intentionally suppressed; TCP remains connected
[SIM] client disconnected
[SIM] client connected: 127.0.0.1:61067
[RX] cmd=0x01, seq=0x0001, paramLen=28, time=13:13:16
EA 27 00 01 01 00 90 05 34 01 00 01 38 39 38 36 30 38 35 36 31 31 32 34 39 30 32 39 38 36 36 30 02 04 00 00 00 00 00 00 10 69
[TX] cmd=0x01, seq=0x0067, paramLen=0
EA 0B 00 01 01 00 90 05 34 67 00 01 B8 E3
[RX] cmd=0x81, seq=0x0002, paramLen=5, time=13:13:17
EA 10 00 01 01 00 90 05 34 02 00 81 02 1E FC FF FF BA DB
[SIM] heartbeat reply intentionally suppressed; TCP remains connected
[RX] cmd=0x81, seq=0x0003, paramLen=5, time=13:13:27
EA 10 00 01 01 00 90 05 34 03 00 81 02 1E FC FF FF 7B 17
[SIM] heartbeat reply intentionally suppressed; TCP remains connected
[RX] cmd=0x81, seq=0x0004, paramLen=5, time=13:13:37
EA 10 00 01 01 00 90 05 34 04 00 81 02 1E FC FF FF 3A F1
[SIM] heartbeat reply intentionally suppressed; TCP remains connected
[SIM] client disconnected
[SIM] client connected: 127.0.0.1:61101
[RX] cmd=0x01, seq=0x0001, paramLen=28, time=13:13:53
EA 27 00 01 01 00 90 05 34 01 00 01 38 39 38 36 30 38 35 36 31 31 32 34 39 30 32 39 38 36 36 30 02 04 00 00 00 00 00 00 10 69
[TX] cmd=0x01, seq=0x0068, paramLen=0
EA 0B 00 01 01 00 90 05 34 68 00 01 88 E0
[RX] cmd=0x81, seq=0x0002, paramLen=5, time=13:13:53
EA 10 00 01 01 00 90 05 34 02 00 81 02 1E FC FF FF BA DB
[SIM] heartbeat reply intentionally suppressed; TCP remains connected
[RX] cmd=0x81, seq=0x0003, paramLen=5, time=13:14:03
EA 10 00 01 01 00 90 05 34 03 00 81 02 1E FC FF FF 7B 17
[SIM] heartbeat reply intentionally suppressed; TCP remains connected
[RX] cmd=0x81, seq=0x0004, paramLen=5, time=13:14:13
EA 10 00 01 01 00 90 05 34 04 00 81 02 1E FC FF FF 3A F1
[SIM] heartbeat reply intentionally suppressed; TCP remains connected
[SIM] client disconnected
[SIM] client connected: 127.0.0.1:61141
[RX] cmd=0x01, seq=0x0001, paramLen=28, time=13:14:29
EA 27 00 01 01 00 90 05 34 01 00 01 38 39 38 36 30 38 35 36 31 31 32 34 39 30 32 39 38 36 36 30 02 04 00 00 00 00 00 00 10 69
[TX] cmd=0x01, seq=0x0069, paramLen=0
EA 0B 00 01 01 00 90 05 34 69 00 01 D9 20
[RX] cmd=0x81, seq=0x0002, paramLen=5, time=13:14:30
EA 10 00 01 01 00 90 05 34 02 00 81 02 1E FC FF FF BA DB
[SIM] heartbeat reply intentionally suppressed; TCP remains connected
[RX] cmd=0x81, seq=0x0003, paramLen=5, time=13:14:40
EA 10 00 01 01 00 90 05 34 03 00 81 02 1E FC FF FF 7B 17
[SIM] heartbeat reply intentionally suppressed; TCP remains connected
[RX] cmd=0x81, seq=0x0004, paramLen=5, time=13:14:50
EA 10 00 01 01 00 90 05 34 04 00 81 02 1E FC FF FF 3A F1
[SIM] heartbeat reply intentionally suppressed; TCP remains connected
[SIM] client disconnected
[SIM] client connected: 127.0.0.1:61189
[RX] cmd=0x01, seq=0x0001, paramLen=28, time=13:15:06
EA 27 00 01 01 00 90 05 34 01 00 01 38 39 38 36 30 38 35 36 31 31 32 34 39 30 32 39 38 36 36 30 02 04 00 00 00 00 00 00 10 69
[TX] cmd=0x01, seq=0x006A, paramLen=0
EA 0B 00 01 01 00 90 05 34 6A 00 01 29 20
[RX] cmd=0x81, seq=0x0002, paramLen=5, time=13:15:07
EA 10 00 01 01 00 90 05 34 02 00 81 02 1E FC FF FF BA DB
[SIM] heartbeat reply intentionally suppressed; TCP remains connected
[RX] cmd=0x81, seq=0x0003, paramLen=5, time=13:15:17
EA 10 00 01 01 00 90 05 34 03 00 81 02 1E FC FF FF 7B 17
[SIM] heartbeat reply intentionally suppressed; TCP remains connected
[RX] cmd=0x81, seq=0x0004, paramLen=5, time=13:15:27
EA 10 00 01 01 00 90 05 34 04 00 81 02 1E FC FF FF 3A F1
[SIM] heartbeat reply intentionally suppressed; TCP remains connected
[SIM] client disconnected
[SIM] client connected: 127.0.0.1:61251
[RX] cmd=0x01, seq=0x0001, paramLen=28, time=13:15:44
EA 27 00 01 01 00 90 05 34 01 00 01 38 39 38 36 30 38 35 36 31 31 32 34 39 30 32 39 38 36 36 30 02 04 00 00 00 00 00 00 10 69
[TX] cmd=0x01, seq=0x006B, paramLen=0
EA 0B 00 01 01 00 90 05 34 6B 00 01 78 E0
[RX] cmd=0x81, seq=0x0002, paramLen=5, time=13:15:45
EA 10 00 01 01 00 90 05 34 02 00 81 02 1E FC FF FF BA DB
[SIM] heartbeat reply intentionally suppressed; TCP remains connected
[RX] cmd=0x81, seq=0x0003, paramLen=5, time=13:15:55
EA 10 00 01 01 00 90 05 34 03 00 81 02 1E FC FF FF 7B 17
[SIM] heartbeat reply intentionally suppressed; TCP remains connected
[RX] cmd=0x81, seq=0x0004, paramLen=5, time=13:16:05
EA 10 00 01 01 00 90 05 34 04 00 81 02 1E FC FF FF 3A F1
[SIM] heartbeat reply intentionally suppressed; TCP remains connected
[SIM] client disconnected
[SIM] client connected: 127.0.0.1:61323
[RX] cmd=0x01, seq=0x0001, paramLen=28, time=13:16:21
EA 27 00 01 01 00 90 05 34 01 00 01 38 39 38 36 30 38 35 36 31 31 32 34 39 30 32 39 38 36 36 30 02 04 00 00 00 00 00 00 10 69
[TX] cmd=0x01, seq=0x006C, paramLen=0
EA 0B 00 01 01 00 90 05 34 6C 00 01 C9 21
[RX] cmd=0x81, seq=0x0002, paramLen=5, time=13:16:22
EA 10 00 01 01 00 90 05 34 02 00 81 02 1E FC FF FF BA DB
[SIM] heartbeat reply intentionally suppressed; TCP remains connected
[RX] cmd=0x81, seq=0x0003, paramLen=5, time=13:16:32
EA 10 00 01 01 00 90 05 34 03 00 81 02 1E FC FF FF 7B 17
[SIM] heartbeat reply intentionally suppressed; TCP remains connected
[RX] cmd=0x81, seq=0x0004, paramLen=5, time=13:16:42
EA 10 00 01 01 00 90 05 34 04 00 81 02 1E FC FF FF 3A F1
[SIM] heartbeat reply intentionally suppressed; TCP remains connected
[SIM] client disconnected
[SIM] client connected: 127.0.0.1:61361
[RX] cmd=0x01, seq=0x0001, paramLen=28, time=13:16:59
EA 27 00 01 01 00 90 05 34 01 00 01 38 39 38 36 30 38 35 36 31 31 32 34 39 30 32 39 38 36 36 30 02 04 00 00 00 00 00 00 10 69
[TX] cmd=0x01, seq=0x006D, paramLen=0
EA 0B 00 01 01 00 90 05 34 6D 00 01 98 E1
[RX] cmd=0x81, seq=0x0002, paramLen=5, time=13:17:00
EA 10 00 01 01 00 90 05 34 02 00 81 02 1E FC FF FF BA DB
[SIM] heartbeat reply intentionally suppressed; TCP remains connected
[RX] cmd=0x81, seq=0x0003, paramLen=5, time=13:17:10
EA 10 00 01 01 00 90 05 34 03 00 81 02 1E FC FF FF 7B 17
[SIM] heartbeat reply intentionally suppressed; TCP remains connected
[RX] cmd=0x81, seq=0x0004, paramLen=5, time=13:17:20
EA 10 00 01 01 00 90 05 34 04 00 81 02 1E FC FF FF 3A F1
[SIM] heartbeat reply intentionally suppressed; TCP remains connected
[SIM] client disconnected
[SIM] client connected: 127.0.0.1:61399
[RX] cmd=0x01, seq=0x0001, paramLen=28, time=13:17:36
EA 27 00 01 01 00 90 05 34 01 00 01 38 39 38 36 30 38 35 36 31 31 32 34 39 30 32 39 38 36 36 30 02 04 00 00 00 00 00 00 10 69
[TX] cmd=0x01, seq=0x006E, paramLen=0
EA 0B 00 01 01 00 90 05 34 6E 00 01 68 E1
[RX] cmd=0x81, seq=0x0002, paramLen=5, time=13:17:37
EA 10 00 01 01 00 90 05 34 02 00 81 02 1E FC FF FF BA DB
[SIM] heartbeat reply intentionally suppressed; TCP remains connected
[RX] cmd=0x81, seq=0x0003, paramLen=5, time=13:17:47
EA 10 00 01 01 00 90 05 34 03 00 81 02 1E FC FF FF 7B 17
[SIM] heartbeat reply intentionally suppressed; TCP remains connected
[RX] cmd=0x81, seq=0x0004, paramLen=5, time=13:17:57
EA 10 00 01 01 00 90 05 34 04 00 81 02 1E FC FF FF 3A F1
[SIM] heartbeat reply intentionally suppressed; TCP remains connected
[SIM] client disconnected
[SIM] client connected: 127.0.0.1:61449
[RX] cmd=0x01, seq=0x0001, paramLen=28, time=13:18:13
EA 27 00 01 01 00 90 05 34 01 00 01 38 39 38 36 30 38 35 36 31 31 32 34 39 30 32 39 38 36 36 30 02 04 00 00 00 00 00 00 10 69
[TX] cmd=0x01, seq=0x006F, paramLen=0
EA 0B 00 01 01 00 90 05 34 6F 00 01 39 21
[RX] cmd=0x81, seq=0x0002, paramLen=5, time=13:18:14
EA 10 00 01 01 00 90 05 34 02 00 81 02 1E FC FF FF BA DB
[SIM] heartbeat reply intentionally suppressed; TCP remains connected
[RX] cmd=0x81, seq=0x0003, paramLen=5, time=13:18:24
EA 10 00 01 01 00 90 05 34 03 00 81 02 1E FC FF FF 7B 17
[SIM] heartbeat reply intentionally suppressed; TCP remains connected
[RX] cmd=0x81, seq=0x0004, paramLen=5, time=13:18:34
EA 10 00 01 01 00 90 05 34 04 00 81 02 1E FC FF FF 3A F1
[SIM] heartbeat reply intentionally suppressed; TCP remains connected
[SIM] client disconnected
[SIM] client connected: 127.0.0.1:61484
[RX] cmd=0x01, seq=0x0001, paramLen=28, time=13:18:50
EA 27 00 01 01 00 90 05 34 01 00 01 38 39 38 36 30 38 35 36 31 31 32 34 39 30 32 39 38 36 36 30 02 04 00 00 00 00 00 00 10 69
[TX] cmd=0x01, seq=0x0070, paramLen=0
EA 0B 00 01 01 00 90 05 34 70 00 01 08 E7
[RX] cmd=0x81, seq=0x0002, paramLen=5, time=13:18:51
EA 10 00 01 01 00 90 05 34 02 00 81 02 1E FC FF FF BA DB
[SIM] heartbeat reply intentionally suppressed; TCP remains connected
[RX] cmd=0x81, seq=0x0003, paramLen=5, time=13:19:01
EA 10 00 01 01 00 90 05 34 03 00 81 02 1E FC FF FF 7B 17
[SIM] heartbeat reply intentionally suppressed; TCP remains connected
[RX] cmd=0x81, seq=0x0004, paramLen=5, time=13:19:11
EA 10 00 01 01 00 90 05 34 04 00 81 02 1E FC FF FF 3A F1
[SIM] heartbeat reply intentionally suppressed; TCP remains connected
[SIM] client disconnected
[SIM] client connected: 127.0.0.1:61531
[RX] cmd=0x01, seq=0x0001, paramLen=28, time=13:19:28
EA 27 00 01 01 00 90 05 34 01 00 01 38 39 38 36 30 38 35 36 31 31 32 34 39 30 32 39 38 36 36 30 02 04 00 00 00 00 00 00 10 69
[TX] cmd=0x01, seq=0x0071, paramLen=0
EA 0B 00 01 01 00 90 05 34 71 00 01 59 27
[RX] cmd=0x81, seq=0x0002, paramLen=5, time=13:19:28
EA 10 00 01 01 00 90 05 34 02 00 81 02 1E FC FF FF BA DB
[SIM] heartbeat reply intentionally suppressed; TCP remains connected
[RX] cmd=0x81, seq=0x0003, paramLen=5, time=13:19:39
EA 10 00 01 01 00 90 05 34 03 00 81 02 1E FC FF FF 7B 17
[SIM] heartbeat reply intentionally suppressed; TCP remains connected
[RX] cmd=0x81, seq=0x0004, paramLen=5, time=13:19:49
EA 10 00 01 01 00 90 05 34 04 00 81 02 1E FC FF FF 3A F1
[SIM] heartbeat reply intentionally suppressed; TCP remains connected
[SIM] client disconnected
[SIM] client connected: 127.0.0.1:61578
[RX] cmd=0x01, seq=0x0001, paramLen=28, time=13:20:05
EA 27 00 01 01 00 90 05 34 01 00 01 38 39 38 36 30 38 35 36 31 31 32 34 39 30 32 39 38 36 36 30 02 04 00 00 00 00 00 00 10 69
[TX] cmd=0x01, seq=0x0072, paramLen=0
EA 0B 00 01 01 00 90 05 34 72 00 01 A9 27
[RX] cmd=0x81, seq=0x0002, paramLen=5, time=13:20:06
EA 10 00 01 01 00 90 05 34 02 00 81 02 1E FC FF FF BA DB
[SIM] heartbeat reply intentionally suppressed; TCP remains connected
[RX] cmd=0x81, seq=0x0003, paramLen=5, time=13:20:16
EA 10 00 01 01 00 90 05 34 03 00 81 02 1E FC FF FF 7B 17
[SIM] heartbeat reply intentionally suppressed; TCP remains connected
[RX] cmd=0x81, seq=0x0004, paramLen=5, time=13:20:26
EA 10 00 01 01 00 90 05 34 04 00 81 02 1E FC FF FF 3A F1
[SIM] heartbeat reply intentionally suppressed; TCP remains connected
[SIM] client disconnected
[SIM] client connected: 127.0.0.1:61617
[RX] cmd=0x01, seq=0x0001, paramLen=28, time=13:20:43
EA 27 00 01 01 00 90 05 34 01 00 01 38 39 38 36 30 38 35 36 31 31 32 34 39 30 32 39 38 36 36 30 02 04 00 00 00 00 00 00 10 69
[TX] cmd=0x01, seq=0x0073, paramLen=0
EA 0B 00 01 01 00 90 05 34 73 00 01 F8 E7
[RX] cmd=0x81, seq=0x0002, paramLen=5, time=13:20:44
EA 10 00 01 01 00 90 05 34 02 00 81 02 1E FC FF FF BA DB
[SIM] heartbeat reply intentionally suppressed; TCP remains connected
[RX] cmd=0x81, seq=0x0003, paramLen=5, time=13:20:54
EA 10 00 01 01 00 90 05 34 03 00 81 02 1E FC FF FF 7B 17
[SIM] heartbeat reply intentionally suppressed; TCP remains connected
[RX] cmd=0x81, seq=0x0004, paramLen=5, time=13:21:04
EA 10 00 01 01 00 90 05 34 04 00 81 02 1E FC FF FF 3A F1
[SIM] heartbeat reply intentionally suppressed; TCP remains connected
[SIM] client disconnected
[SIM] client connected: 127.0.0.1:61668
[RX] cmd=0x01, seq=0x0001, paramLen=28, time=13:21:20
EA 27 00 01 01 00 90 05 34 01 00 01 38 39 38 36 30 38 35 36 31 31 32 34 39 30 32 39 38 36 36 30 02 04 00 00 00 00 00 00 10 69
[TX] cmd=0x01, seq=0x0074, paramLen=0
EA 0B 00 01 01 00 90 05 34 74 00 01 49 26
[RX] cmd=0x81, seq=0x0002, paramLen=5, time=13:21:21
EA 10 00 01 01 00 90 05 34 02 00 81 02 1E FC FF FF BA DB
[SIM] heartbeat reply intentionally suppressed; TCP remains connected
[RX] cmd=0x81, seq=0x0003, paramLen=5, time=13:21:31
EA 10 00 01 01 00 90 05 34 03 00 81 02 1E FC FF FF 7B 17
[SIM] heartbeat reply intentionally suppressed; TCP remains connected
[RX] cmd=0x81, seq=0x0004, paramLen=5, time=13:21:41
EA 10 00 01 01 00 90 05 34 04 00 81 02 1E FC FF FF 3A F1
[SIM] heartbeat reply intentionally suppressed; TCP remains connected
[SIM] client disconnected
[SIM] client connected: 127.0.0.1:61689
[RX] cmd=0x01, seq=0x0001, paramLen=28, time=13:21:57
EA 27 00 01 01 00 90 05 34 01 00 01 38 39 38 36 30 38 35 36 31 31 32 34 39 30 32 39 38 36 36 30 02 04 00 00 00 00 00 00 10 69
[TX] cmd=0x01, seq=0x0075, paramLen=0
EA 0B 00 01 01 00 90 05 34 75 00 01 18 E6
[RX] cmd=0x81, seq=0x0002, paramLen=5, time=13:21:58
EA 10 00 01 01 00 90 05 34 02 00 81 02 1E FC FF FF BA DB
[SIM] heartbeat reply intentionally suppressed; TCP remains connected
[RX] cmd=0x81, seq=0x0003, paramLen=5, time=13:22:08
EA 10 00 01 01 00 90 05 34 03 00 81 02 1E FC FF FF 7B 17
[SIM] heartbeat reply intentionally suppressed; TCP remains connected
[RX] cmd=0x81, seq=0x0004, paramLen=5, time=13:22:18
EA 10 00 01 01 00 90 05 34 04 00 81 02 1E FC FF FF 3A F1
[SIM] heartbeat reply intentionally suppressed; TCP remains connected
[SIM] client disconnected
[SIM] client connected: 127.0.0.1:61742
[RX] cmd=0x01, seq=0x0001, paramLen=28, time=13:22:34
EA 27 00 01 01 00 90 05 34 01 00 01 38 39 38 36 30 38 35 36 31 31 32 34 39 30 32 39 38 36 36 30 02 04 00 00 00 00 00 00 10 69
[TX] cmd=0x01, seq=0x0076, paramLen=0
EA 0B 00 01 01 00 90 05 34 76 00 01 E8 E6
[RX] cmd=0x81, seq=0x0002, paramLen=5, time=13:22:35
EA 10 00 01 01 00 90 05 34 02 00 81 02 1E FC FF FF BA DB
[SIM] heartbeat reply intentionally suppressed; TCP remains connected
[RX] cmd=0x81, seq=0x0003, paramLen=5, time=13:22:45
EA 10 00 01 01 00 90 05 34 03 00 81 02 1E FC FF FF 7B 17
[SIM] heartbeat reply intentionally suppressed; TCP remains connected
[RX] cmd=0x81, seq=0x0004, paramLen=5, time=13:22:55
EA 10 00 01 01 00 90 05 34 04 00 81 02 1E FC FF FF 3A F1
[SIM] heartbeat reply intentionally suppressed; TCP remains connected
[SIM] client disconnected
[SIM] client connected: 127.0.0.1:61788
[RX] cmd=0x01, seq=0x0001, paramLen=28, time=13:23:11
EA 27 00 01 01 00 90 05 34 01 00 01 38 39 38 36 30 38 35 36 31 31 32 34 39 30 32 39 38 36 36 30 02 04 00 00 00 00 00 00 10 69
[TX] cmd=0x01, seq=0x0077, paramLen=0
EA 0B 00 01 01 00 90 05 34 77 00 01 B9 26
[RX] cmd=0x81, seq=0x0002, paramLen=5, time=13:23:12
EA 10 00 01 01 00 90 05 34 02 00 81 02 1E FC FF FF BA DB
[SIM] heartbeat reply intentionally suppressed; TCP remains connected
[RX] cmd=0x81, seq=0x0003, paramLen=5, time=13:23:22
EA 10 00 01 01 00 90 05 34 03 00 81 02 1E FC FF FF 7B 17
[SIM] heartbeat reply intentionally suppressed; TCP remains connected
[RX] cmd=0x81, seq=0x0004, paramLen=5, time=13:23:32
EA 10 00 01 01 00 90 05 34 04 00 81 02 1E FC FF FF 3A F1
[SIM] heartbeat reply intentionally suppressed; TCP remains connected
[SIM] client disconnected
[SIM] client connected: 127.0.0.1:61816
[RX] cmd=0x01, seq=0x0001, paramLen=28, time=13:23:48
EA 27 00 01 01 00 90 05 34 01 00 01 38 39 38 36 30 38 35 36 31 31 32 34 39 30 32 39 38 36 36 30 02 04 00 00 00 00 00 00 10 69
[TX] cmd=0x01, seq=0x0078, paramLen=0
EA 0B 00 01 01 00 90 05 34 78 00 01 89 25
[RX] cmd=0x81, seq=0x0002, paramLen=5, time=13:23:49
EA 10 00 01 01 00 90 05 34 02 00 81 02 1E FC FF FF BA DB
[SIM] heartbeat reply intentionally suppressed; TCP remains connected
[RX] cmd=0x81, seq=0x0003, paramLen=5, time=13:23:59
EA 10 00 01 01 00 90 05 34 03 00 81 02 1E FC FF FF 7B 17
[SIM] heartbeat reply intentionally suppressed; TCP remains connected
[RX] cmd=0x81, seq=0x0004, paramLen=5, time=13:24:10
EA 10 00 01 01 00 90 05 34 04 00 81 02 1E FC FF FF 3A F1
[SIM] heartbeat reply intentionally suppressed; TCP remains connected
[SIM] client disconnected
[SIM] client connected: 127.0.0.1:61864
[RX] cmd=0x01, seq=0x0001, paramLen=28, time=13:24:29
EA 27 00 01 01 00 90 05 34 01 00 01 38 39 38 36 30 38 35 36 31 31 32 34 39 30 32 39 38 36 36 30 02 04 00 00 00 00 00 00 10 69
[TX] cmd=0x01, seq=0x0079, paramLen=0
EA 0B 00 01 01 00 90 05 34 79 00 01 D8 E5
[RX] cmd=0x81, seq=0x0002, paramLen=5, time=13:24:29
EA 10 00 01 01 00 90 05 34 02 00 81 02 1E FC FF FF BA DB
[SIM] heartbeat reply intentionally suppressed; TCP remains connected
[RX] cmd=0x81, seq=0x0003, paramLen=5, time=13:24:40
EA 10 00 01 01 00 90 05 34 03 00 81 02 1E FC FF FF 7B 17
[SIM] heartbeat reply intentionally suppressed; TCP remains connected
[RX] cmd=0x81, seq=0x0004, paramLen=5, time=13:24:49
EA 10 00 01 01 00 90 05 34 04 00 81 02 1E FC FF FF 3A F1
[SIM] heartbeat reply intentionally suppressed; TCP remains connected
[SIM] client disconnected
[SIM] client connected: 127.0.0.1:61911
[RX] cmd=0x01, seq=0x0001, paramLen=28, time=13:25:05
EA 27 00 01 01 00 90 05 34 01 00 01 38 39 38 36 30 38 35 36 31 31 32 34 39 30 32 39 38 36 36 30 02 04 00 00 00 00 00 00 10 69
[TX] cmd=0x01, seq=0x007A, paramLen=0
EA 0B 00 01 01 00 90 05 34 7A 00 01 28 E5
[RX] cmd=0x81, seq=0x0002, paramLen=5, time=13:25:06
EA 10 00 01 01 00 90 05 34 02 00 81 02 1E FC FF FF BA DB
[SIM] heartbeat reply intentionally suppressed; TCP remains connected
[RX] cmd=0x81, seq=0x0003, paramLen=5, time=13:25:16
EA 10 00 01 01 00 90 05 34 03 00 81 02 1E FC FF FF 7B 17
[SIM] heartbeat reply intentionally suppressed; TCP remains connected
[RX] cmd=0x81, seq=0x0004, paramLen=5, time=13:25:26
EA 10 00 01 01 00 90 05 34 04 00 81 02 1E FC FF FF 3A F1
[SIM] heartbeat reply intentionally suppressed; TCP remains connected
[SIM] client disconnected
[SIM] client connected: 127.0.0.1:61948
[RX] cmd=0x01, seq=0x0001, paramLen=28, time=13:25:42
EA 27 00 01 01 00 90 05 34 01 00 01 38 39 38 36 30 38 35 36 31 31 32 34 39 30 32 39 38 36 36 30 02 04 00 00 00 00 00 00 10 69
[TX] cmd=0x01, seq=0x007B, paramLen=0
EA 0B 00 01 01 00 90 05 34 7B 00 01 79 25
[RX] cmd=0x81, seq=0x0002, paramLen=5, time=13:25:43
EA 10 00 01 01 00 90 05 34 02 00 81 02 1E FC FF FF BA DB
[SIM] heartbeat reply intentionally suppressed; TCP remains connected
[RX] cmd=0x81, seq=0x0003, paramLen=5, time=13:25:53
EA 10 00 01 01 00 90 05 34 03 00 81 02 1E FC FF FF 7B 17
[SIM] heartbeat reply intentionally suppressed; TCP remains connected
[RX] cmd=0x81, seq=0x0004, paramLen=5, time=13:26:03
EA 10 00 01 01 00 90 05 34 04 00 81 02 1E FC FF FF 3A F1
[SIM] heartbeat reply intentionally suppressed; TCP remains connected
[SIM] client disconnected
[SIM] client connected: 127.0.0.1:62002
[RX] cmd=0x01, seq=0x0001, paramLen=28, time=13:26:19
EA 27 00 01 01 00 90 05 34 01 00 01 38 39 38 36 30 38 35 36 31 31 32 34 39 30 32 39 38 36 36 30 02 04 00 00 00 00 00 00 10 69
[TX] cmd=0x01, seq=0x007C, paramLen=0
EA 0B 00 01 01 00 90 05 34 7C 00 01 C8 E4
[RX] cmd=0x81, seq=0x0002, paramLen=5, time=13:26:21
EA 10 00 01 01 00 90 05 34 02 00 81 02 1E FC FF FF BA DB
[SIM] heartbeat reply intentionally suppressed; TCP remains connected
[RX] cmd=0x81, seq=0x0003, paramLen=5, time=13:26:31
EA 10 00 01 01 00 90 05 34 03 00 81 02 1E FC FF FF 7B 17
[SIM] heartbeat reply intentionally suppressed; TCP remains connected
[RX] cmd=0x81, seq=0x0004, paramLen=5, time=13:26:41
EA 10 00 01 01 00 90 05 34 04 00 81 02 1E FC FF FF 3A F1
[SIM] heartbeat reply intentionally suppressed; TCP remains connected
[SIM] client disconnected
[SIM] client connected: 127.0.0.1:62025
[RX] cmd=0x01, seq=0x0001, paramLen=28, time=13:26:57
EA 27 00 01 01 00 90 05 34 01 00 01 38 39 38 36 30 38 35 36 31 31 32 34 39 30 32 39 38 36 36 30 02 04 00 00 00 00 00 00 10 69
[TX] cmd=0x01, seq=0x007D, paramLen=0
EA 0B 00 01 01 00 90 05 34 7D 00 01 99 24
[RX] cmd=0x81, seq=0x0002, paramLen=5, time=13:26:58
EA 10 00 01 01 00 90 05 34 02 00 81 02 1E FC FF FF BA DB
[SIM] heartbeat reply intentionally suppressed; TCP remains connected
[RX] cmd=0x81, seq=0x0003, paramLen=5, time=13:27:08
EA 10 00 01 01 00 90 05 34 03 00 81 02 1E FC FF FF 7B 17
[SIM] heartbeat reply intentionally suppressed; TCP remains connected
[RX] cmd=0x81, seq=0x0004, paramLen=5, time=13:27:18
EA 10 00 01 01 00 90 05 34 04 00 81 02 1E FC FF FF 3A F1
[SIM] heartbeat reply intentionally suppressed; TCP remains connected
[SIM] client disconnected
[SIM] client connected: 127.0.0.1:62070
[RX] cmd=0x01, seq=0x0001, paramLen=28, time=13:27:34
EA 27 00 01 01 00 90 05 34 01 00 01 38 39 38 36 30 38 35 36 31 31 32 34 39 30 32 39 38 36 36 30 02 04 00 00 00 00 00 00 10 69
[TX] cmd=0x01, seq=0x007E, paramLen=0
EA 0B 00 01 01 00 90 05 34 7E 00 01 69 24
[RX] cmd=0x81, seq=0x0002, paramLen=5, time=13:27:35
EA 10 00 01 01 00 90 05 34 02 00 81 02 1E FC FF FF BA DB
[SIM] heartbeat reply intentionally suppressed; TCP remains connected
[RX] cmd=0x81, seq=0x0003, paramLen=5, time=13:27:45
EA 10 00 01 01 00 90 05 34 03 00 81 02 1E FC FF FF 7B 17
[SIM] heartbeat reply intentionally suppressed; TCP remains connected
[RX] cmd=0x81, seq=0x0004, paramLen=5, time=13:27:55
EA 10 00 01 01 00 90 05 34 04 00 81 02 1E FC FF FF 3A F1
[SIM] heartbeat reply intentionally suppressed; TCP remains connected
[SIM] client disconnected
[SIM] client connected: 127.0.0.1:62117
[RX] cmd=0x01, seq=0x0001, paramLen=28, time=13:28:11
EA 27 00 01 01 00 90 05 34 01 00 01 38 39 38 36 30 38 35 36 31 31 32 34 39 30 32 39 38 36 36 30 02 04 00 00 00 00 00 00 10 69
[TX] cmd=0x01, seq=0x007F, paramLen=0
EA 0B 00 01 01 00 90 05 34 7F 00 01 38 E4
[RX] cmd=0x81, seq=0x0002, paramLen=5, time=13:28:12
EA 10 00 01 01 00 90 05 34 02 00 81 02 1E FC FF FF BA DB
[SIM] heartbeat reply intentionally suppressed; TCP remains connected
[RX] cmd=0x81, seq=0x0003, paramLen=5, time=13:28:22
EA 10 00 01 01 00 90 05 34 03 00 81 02 1E FC FF FF 7B 17
[SIM] heartbeat reply intentionally suppressed; TCP remains connected
[RX] cmd=0x81, seq=0x0004, paramLen=5, time=13:28:32
EA 10 00 01 01 00 90 05 34 04 00 81 02 1E FC FF FF 3A F1
[SIM] heartbeat reply intentionally suppressed; TCP remains connected
[SIM] client disconnected
[SIM] client connected: 127.0.0.1:62145
[RX] cmd=0x01, seq=0x0001, paramLen=28, time=13:28:48
EA 27 00 01 01 00 90 05 34 01 00 01 38 39 38 36 30 38 35 36 31 31 32 34 39 30 32 39 38 36 36 30 02 04 00 00 00 00 00 00 10 69
[TX] cmd=0x01, seq=0x0080, paramLen=0
EA 0B 00 01 01 00 90 05 34 80 00 01 08 D4
[RX] cmd=0x81, seq=0x0002, paramLen=5, time=13:28:49
EA 10 00 01 01 00 90 05 34 02 00 81 02 1E FC FF FF BA DB
[SIM] heartbeat reply intentionally suppressed; TCP remains connected
[RX] cmd=0x81, seq=0x0003, paramLen=5, time=13:28:59
EA 10 00 01 01 00 90 05 34 03 00 81 02 1E FC FF FF 7B 17
[SIM] heartbeat reply intentionally suppressed; TCP remains connected
[RX] cmd=0x81, seq=0x0004, paramLen=5, time=13:29:09
EA 10 00 01 01 00 90 05 34 04 00 81 02 1E FC FF FF 3A F1
[SIM] heartbeat reply intentionally suppressed; TCP remains connected
[SIM] client disconnected
[SIM] client connected: 127.0.0.1:62188
[RX] cmd=0x01, seq=0x0001, paramLen=28, time=13:29:25
EA 27 00 01 01 00 90 05 34 01 00 01 38 39 38 36 30 38 35 36 31 31 32 34 39 30 32 39 38 36 36 30 02 04 00 00 00 00 00 00 10 69
[TX] cmd=0x01, seq=0x0081, paramLen=0
EA 0B 00 01 01 00 90 05 34 81 00 01 59 14
[RX] cmd=0x81, seq=0x0002, paramLen=5, time=13:29:26
EA 10 00 01 01 00 90 05 34 02 00 81 02 1E FC FF FF BA DB
[SIM] heartbeat reply intentionally suppressed; TCP remains connected
[RX] cmd=0x81, seq=0x0003, paramLen=5, time=13:29:36
EA 10 00 01 01 00 90 05 34 03 00 81 02 1E FC FF FF 7B 17
[SIM] heartbeat reply intentionally suppressed; TCP remains connected
[RX] cmd=0x81, seq=0x0004, paramLen=5, time=13:29:46
EA 10 00 01 01 00 90 05 34 04 00 81 02 1E FC FF FF 3A F1
[SIM] heartbeat reply intentionally suppressed; TCP remains connected
[SIM] client disconnected
[SIM] client connected: 127.0.0.1:62212
[RX] cmd=0x01, seq=0x0001, paramLen=28, time=13:30:02
EA 27 00 01 01 00 90 05 34 01 00 01 38 39 38 36 30 38 35 36 31 31 32 34 39 30 32 39 38 36 36 30 02 04 00 00 00 00 00 00 10 69
[TX] cmd=0x01, seq=0x0082, paramLen=0
EA 0B 00 01 01 00 90 05 34 82 00 01 A9 14
[RX] cmd=0x81, seq=0x0002, paramLen=5, time=13:30:03
EA 10 00 01 01 00 90 05 34 02 00 81 02 1E FC FF FF BA DB
[SIM] heartbeat reply intentionally suppressed; TCP remains connected
[RX] cmd=0x81, seq=0x0003, paramLen=5, time=13:30:13
EA 10 00 01 01 00 90 05 34 03 00 81 02 1E FC FF FF 7B 17
[SIM] heartbeat reply intentionally suppressed; TCP remains connected
[RX] cmd=0x81, seq=0x0004, paramLen=5, time=13:30:23
EA 10 00 01 01 00 90 05 34 04 00 81 02 1E FC FF FF 3A F1
[SIM] heartbeat reply intentionally suppressed; TCP remains connected
[SIM] client disconnected
[SIM] client connected: 127.0.0.1:62257
[RX] cmd=0x01, seq=0x0001, paramLen=28, time=13:30:39
EA 27 00 01 01 00 90 05 34 01 00 01 38 39 38 36 30 38 35 36 31 31 32 34 39 30 32 39 38 36 36 30 02 04 00 00 00 00 00 00 10 69
[TX] cmd=0x01, seq=0x0083, paramLen=0
EA 0B 00 01 01 00 90 05 34 83 00 01 F8 D4
[RX] cmd=0x81, seq=0x0002, paramLen=5, time=13:30:39
EA 10 00 01 01 00 90 05 34 02 00 81 02 1E FC FF FF BA DB
[SIM] heartbeat reply intentionally suppressed; TCP remains connected
[RX] cmd=0x81, seq=0x0003, paramLen=5, time=13:30:49
EA 10 00 01 01 00 90 05 34 03 00 81 02 1E FC FF FF 7B 17
[SIM] heartbeat reply intentionally suppressed; TCP remains connected
[RX] cmd=0x81, seq=0x0004, paramLen=5, time=13:30:59
EA 10 00 01 01 00 90 05 34 04 00 81 02 1E FC FF FF 3A F1
[SIM] heartbeat reply intentionally suppressed; TCP remains connected
[SIM] client disconnected
[SIM] client connected: 127.0.0.1:62312
[RX] cmd=0x01, seq=0x0001, paramLen=28, time=13:31:16
EA 27 00 01 01 00 90 05 34 01 00 01 38 39 38 36 30 38 35 36 31 31 32 34 39 30 32 39 38 36 36 30 02 04 00 00 00 00 00 00 10 69
[TX] cmd=0x01, seq=0x0084, paramLen=0
EA 0B 00 01 01 00 90 05 34 84 00 01 49 15
[RX] cmd=0x81, seq=0x0002, paramLen=5, time=13:31:16
EA 10 00 01 01 00 90 05 34 02 00 81 02 1E FC FF FF BA DB
[SIM] heartbeat reply intentionally suppressed; TCP remains connected
[RX] cmd=0x81, seq=0x0003, paramLen=5, time=13:31:26
EA 10 00 01 01 00 90 05 34 03 00 81 02 1E FC FF FF 7B 17
[SIM] heartbeat reply intentionally suppressed; TCP remains connected
[RX] cmd=0x81, seq=0x0004, paramLen=5, time=13:31:36
EA 10 00 01 01 00 90 05 34 04 00 81 02 1E FC FF FF 3A F1
[SIM] heartbeat reply intentionally suppressed; TCP remains connected
[SIM] client disconnected
[SIM] client connected: 127.0.0.1:62338
[RX] cmd=0x01, seq=0x0001, paramLen=28, time=13:31:53
EA 27 00 01 01 00 90 05 34 01 00 01 38 39 38 36 30 38 35 36 31 31 32 34 39 30 32 39 38 36 36 30 02 04 00 00 00 00 00 00 10 69
[TX] cmd=0x01, seq=0x0085, paramLen=0
EA 0B 00 01 01 00 90 05 34 85 00 01 18 D5
[RX] cmd=0x81, seq=0x0002, paramLen=5, time=13:31:54
EA 10 00 01 01 00 90 05 34 02 00 81 02 1E FC FF FF BA DB
[SIM] heartbeat reply intentionally suppressed; TCP remains connected
[RX] cmd=0x81, seq=0x0003, paramLen=5, time=13:32:04
EA 10 00 01 01 00 90 05 34 03 00 81 02 1E FC FF FF 7B 17
[SIM] heartbeat reply intentionally suppressed; TCP remains connected
[RX] cmd=0x81, seq=0x0004, paramLen=5, time=13:32:14
EA 10 00 01 01 00 90 05 34 04 00 81 02 1E FC FF FF 3A F1
[SIM] heartbeat reply intentionally suppressed; TCP remains connected
[SIM] client disconnected
[SIM] client connected: 127.0.0.1:62401
[RX] cmd=0x01, seq=0x0001, paramLen=28, time=13:32:30
EA 27 00 01 01 00 90 05 34 01 00 01 38 39 38 36 30 38 35 36 31 31 32 34 39 30 32 39 38 36 36 30 02 04 00 00 00 00 00 00 10 69
[TX] cmd=0x01, seq=0x0086, paramLen=0
EA 0B 00 01 01 00 90 05 34 86 00 01 E8 D5
[RX] cmd=0x81, seq=0x0002, paramLen=5, time=13:32:31
EA 10 00 01 01 00 90 05 34 02 00 81 02 1E FC FF FF BA DB
[SIM] heartbeat reply intentionally suppressed; TCP remains connected
[RX] cmd=0x81, seq=0x0003, paramLen=5, time=13:32:41
EA 10 00 01 01 00 90 05 34 03 00 81 02 1E FC FF FF 7B 17
[SIM] heartbeat reply intentionally suppressed; TCP remains connected
[RX] cmd=0x81, seq=0x0004, paramLen=5, time=13:32:51
EA 10 00 01 01 00 90 05 34 04 00 81 02 1E FC FF FF 3A F1
[SIM] heartbeat reply intentionally suppressed; TCP remains connected
[SIM] client disconnected
[SIM] client connected: 127.0.0.1:62432
[RX] cmd=0x01, seq=0x0001, paramLen=28, time=13:33:07
EA 27 00 01 01 00 90 05 34 01 00 01 38 39 38 36 30 38 35 36 31 31 32 34 39 30 32 39 38 36 36 30 02 04 00 00 00 00 00 00 10 69
[TX] cmd=0x01, seq=0x0087, paramLen=0
EA 0B 00 01 01 00 90 05 34 87 00 01 B9 15
[RX] cmd=0x81, seq=0x0002, paramLen=5, time=13:33:08
EA 10 00 01 01 00 90 05 34 02 00 81 02 1E FC FF FF BA DB
[SIM] heartbeat reply intentionally suppressed; TCP remains connected
[RX] cmd=0x81, seq=0x0003, paramLen=5, time=13:33:18
EA 10 00 01 01 00 90 05 34 03 00 81 02 1E FC FF FF 7B 17
[SIM] heartbeat reply intentionally suppressed; TCP remains connected
[RX] cmd=0x81, seq=0x0004, paramLen=5, time=13:33:29
EA 10 00 01 01 00 90 05 34 04 00 81 02 1E FC FF FF 3A F1
[SIM] heartbeat reply intentionally suppressed; TCP remains connected
[SIM] client disconnected
[SIM] client connected: 127.0.0.1:62478
[RX] cmd=0x01, seq=0x0001, paramLen=28, time=13:33:44
EA 27 00 01 01 00 90 05 34 01 00 01 38 39 38 36 30 38 35 36 31 31 32 34 39 30 32 39 38 36 36 30 02 04 00 00 00 00 00 00 10 69
[TX] cmd=0x01, seq=0x0088, paramLen=0
EA 0B 00 01 01 00 90 05 34 88 00 01 89 16
[RX] cmd=0x81, seq=0x0002, paramLen=5, time=13:33:45
EA 10 00 01 01 00 90 05 34 02 00 81 02 1E FC FF FF BA DB
[SIM] heartbeat reply intentionally suppressed; TCP remains connected
[RX] cmd=0x81, seq=0x0003, paramLen=5, time=13:33:55
EA 10 00 01 01 00 90 05 34 03 00 81 02 1E FC FF FF 7B 17
[SIM] heartbeat reply intentionally suppressed; TCP remains connected
[RX] cmd=0x81, seq=0x0004, paramLen=5, time=13:34:05
EA 10 00 01 01 00 90 05 34 04 00 81 02 1E FC FF FF 3A F1
[SIM] heartbeat reply intentionally suppressed; TCP remains connected
[SIM] client disconnected
[SIM] client connected: 127.0.0.1:62561
[RX] cmd=0x01, seq=0x0001, paramLen=28, time=13:34:21
EA 27 00 01 01 00 90 05 34 01 00 01 38 39 38 36 30 38 35 36 31 31 32 34 39 30 32 39 38 36 36 30 02 04 00 00 00 00 00 00 10 69
[TX] cmd=0x01, seq=0x0089, paramLen=0
EA 0B 00 01 01 00 90 05 34 89 00 01 D8 D6
[RX] cmd=0x81, seq=0x0002, paramLen=5, time=13:34:22
EA 10 00 01 01 00 90 05 34 02 00 81 02 1E FC FF FF BA DB
[SIM] heartbeat reply intentionally suppressed; TCP remains connected
[RX] cmd=0x81, seq=0x0003, paramLen=5, time=13:34:32
EA 10 00 01 01 00 90 05 34 03 00 81 02 1E FC FF FF 7B 17
[SIM] heartbeat reply intentionally suppressed; TCP remains connected
[RX] cmd=0x81, seq=0x0004, paramLen=5, time=13:34:42
EA 10 00 01 01 00 90 05 34 04 00 81 02 1E FC FF FF 3A F1
[SIM] heartbeat reply intentionally suppressed; TCP remains connected
[SIM] client disconnected
[SIM] client connected: 127.0.0.1:62612
[RX] cmd=0x01, seq=0x0001, paramLen=28, time=13:34:58
EA 27 00 01 01 00 90 05 34 01 00 01 38 39 38 36 30 38 35 36 31 31 32 34 39 30 32 39 38 36 36 30 02 04 00 00 00 00 00 00 10 69
[TX] cmd=0x01, seq=0x008A, paramLen=0
EA 0B 00 01 01 00 90 05 34 8A 00 01 28 D6
[RX] cmd=0x81, seq=0x0002, paramLen=5, time=13:34:59
EA 10 00 01 01 00 90 05 34 02 00 81 02 1E FC FF FF BA DB
[SIM] heartbeat reply intentionally suppressed; TCP remains connected
[RX] cmd=0x81, seq=0x0003, paramLen=5, time=13:35:09
EA 10 00 01 01 00 90 05 34 03 00 81 02 1E FC FF FF 7B 17
[SIM] heartbeat reply intentionally suppressed; TCP remains connected
[RX] cmd=0x81, seq=0x0004, paramLen=5, time=13:35:19
EA 10 00 01 01 00 90 05 34 04 00 81 02 1E FC FF FF 3A F1
[SIM] heartbeat reply intentionally suppressed; TCP remains connected
[SIM] client disconnected
[SIM] client connected: 127.0.0.1:62659
[RX] cmd=0x01, seq=0x0001, paramLen=28, time=13:35:36
EA 27 00 01 01 00 90 05 34 01 00 01 38 39 38 36 30 38 35 36 31 31 32 34 39 30 32 39 38 36 36 30 02 04 00 00 00 00 00 00 10 69
[TX] cmd=0x01, seq=0x008B, paramLen=0
EA 0B 00 01 01 00 90 05 34 8B 00 01 79 16
[RX] cmd=0x81, seq=0x0002, paramLen=5, time=13:35:37
EA 10 00 01 01 00 90 05 34 02 00 81 02 1E FC FF FF BA DB
[SIM] heartbeat reply intentionally suppressed; TCP remains connected
[RX] cmd=0x81, seq=0x0003, paramLen=5, time=13:35:47
EA 10 00 01 01 00 90 05 34 03 00 81 02 1E FC FF FF 7B 17
[SIM] heartbeat reply intentionally suppressed; TCP remains connected
[RX] cmd=0x81, seq=0x0004, paramLen=5, time=13:35:57
EA 10 00 01 01 00 90 05 34 04 00 81 02 1E FC FF FF 3A F1
[SIM] heartbeat reply intentionally suppressed; TCP remains connected
[SIM] client disconnected
[SIM] client connected: 127.0.0.1:62702
[RX] cmd=0x01, seq=0x0001, paramLen=28, time=13:36:13
EA 27 00 01 01 00 90 05 34 01 00 01 38 39 38 36 30 38 35 36 31 31 32 34 39 30 32 39 38 36 36 30 02 04 00 00 00 00 00 00 10 69
[TX] cmd=0x01, seq=0x008C, paramLen=0
EA 0B 00 01 01 00 90 05 34 8C 00 01 C8 D7
[RX] cmd=0x81, seq=0x0002, paramLen=5, time=13:36:14
EA 10 00 01 01 00 90 05 34 02 00 81 02 1E FC FF FF BA DB
[SIM] heartbeat reply intentionally suppressed; TCP remains connected
[RX] cmd=0x81, seq=0x0003, paramLen=5, time=13:36:24
EA 10 00 01 01 00 90 05 34 03 00 81 02 1E FC FF FF 7B 17
[SIM] heartbeat reply intentionally suppressed; TCP remains connected
[RX] cmd=0x81, seq=0x0004, paramLen=5, time=13:36:34
EA 10 00 01 01 00 90 05 34 04 00 81 02 1E FC FF FF 3A F1
[SIM] heartbeat reply intentionally suppressed; TCP remains connected
[SIM] client disconnected
[SIM] client connected: 127.0.0.1:62752
[RX] cmd=0x01, seq=0x0001, paramLen=28, time=13:36:50
EA 27 00 01 01 00 90 05 34 01 00 01 38 39 38 36 30 38 35 36 31 31 32 34 39 30 32 39 38 36 36 30 02 04 00 00 00 00 00 00 10 69
[TX] cmd=0x01, seq=0x008D, paramLen=0
EA 0B 00 01 01 00 90 05 34 8D 00 01 99 17
[RX] cmd=0x81, seq=0x0002, paramLen=5, time=13:36:51
EA 10 00 01 01 00 90 05 34 02 00 81 02 1E FC FF FF BA DB
[SIM] heartbeat reply intentionally suppressed; TCP remains connected
[RX] cmd=0x81, seq=0x0003, paramLen=5, time=13:37:01
EA 10 00 01 01 00 90 05 34 03 00 81 02 1E FC FF FF 7B 17
[SIM] heartbeat reply intentionally suppressed; TCP remains connected
[RX] cmd=0x81, seq=0x0004, paramLen=5, time=13:37:11
EA 10 00 01 01 00 90 05 34 04 00 81 02 1E FC FF FF 3A F1
[SIM] heartbeat reply intentionally suppressed; TCP remains connected
[SIM] client disconnected
[SIM] client connected: 127.0.0.1:62805
[RX] cmd=0x01, seq=0x0001, paramLen=28, time=13:37:27
EA 27 00 01 01 00 90 05 34 01 00 01 38 39 38 36 30 38 35 36 31 31 32 34 39 30 32 39 38 36 36 30 02 04 00 00 00 00 00 00 10 69
[TX] cmd=0x01, seq=0x008E, paramLen=0
EA 0B 00 01 01 00 90 05 34 8E 00 01 69 17
[RX] cmd=0x81, seq=0x0002, paramLen=5, time=13:37:28
EA 10 00 01 01 00 90 05 34 02 00 81 02 1E FC FF FF BA DB
[SIM] heartbeat reply intentionally suppressed; TCP remains connected
[RX] cmd=0x81, seq=0x0003, paramLen=5, time=13:37:38
EA 10 00 01 01 00 90 05 34 03 00 81 02 1E FC FF FF 7B 17
[SIM] heartbeat reply intentionally suppressed; TCP remains connected
[RX] cmd=0x81, seq=0x0004, paramLen=5, time=13:37:48
EA 10 00 01 01 00 90 05 34 04 00 81 02 1E FC FF FF 3A F1
[SIM] heartbeat reply intentionally suppressed; TCP remains connected
[SIM] client disconnected
[SIM] client connected: 127.0.0.1:62849
[RX] cmd=0x01, seq=0x0001, paramLen=28, time=13:38:04
EA 27 00 01 01 00 90 05 34 01 00 01 38 39 38 36 30 38 35 36 31 31 32 34 39 30 32 39 38 36 36 30 02 04 00 00 00 00 00 00 10 69
[TX] cmd=0x01, seq=0x008F, paramLen=0
EA 0B 00 01 01 00 90 05 34 8F 00 01 38 D7
[RX] cmd=0x81, seq=0x0002, paramLen=5, time=13:38:05
EA 10 00 01 01 00 90 05 34 02 00 81 02 1E FC FF FF BA DB
[SIM] heartbeat reply intentionally suppressed; TCP remains connected
[RX] cmd=0x81, seq=0x0003, paramLen=5, time=13:38:15
EA 10 00 01 01 00 90 05 34 03 00 81 02 1E FC FF FF 7B 17
[SIM] heartbeat reply intentionally suppressed; TCP remains connected
[RX] cmd=0x81, seq=0x0004, paramLen=5, time=13:38:25
EA 10 00 01 01 00 90 05 34 04 00 81 02 1E FC FF FF 3A F1
[SIM] heartbeat reply intentionally suppressed; TCP remains connected
[SIM] client disconnected
[SIM] client connected: 127.0.0.1:62966
[RX] cmd=0x01, seq=0x0001, paramLen=28, time=13:38:42
EA 27 00 01 01 00 90 05 34 01 00 01 38 39 38 36 30 38 35 36 31 31 32 34 39 30 32 39 38 36 36 30 02 04 00 00 00 00 00 00 10 69
[TX] cmd=0x01, seq=0x0090, paramLen=0
EA 0B 00 01 01 00 90 05 34 90 00 01 09 11
[RX] cmd=0x81, seq=0x0002, paramLen=5, time=13:38:43
EA 10 00 01 01 00 90 05 34 02 00 81 02 1E FC FF FF BA DB
[SIM] heartbeat reply intentionally suppressed; TCP remains connected
[RX] cmd=0x81, seq=0x0003, paramLen=5, time=13:38:53
EA 10 00 01 01 00 90 05 34 03 00 81 02 1E FC FF FF 7B 17
[SIM] heartbeat reply intentionally suppressed; TCP remains connected
[RX] cmd=0x81, seq=0x0004, paramLen=5, time=13:39:03
EA 10 00 01 01 00 90 05 34 04 00 81 02 1E FC FF FF 3A F1
[SIM] heartbeat reply intentionally suppressed; TCP remains connected
[SIM] client disconnected
[SIM] client connected: 127.0.0.1:63008
[RX] cmd=0x01, seq=0x0001, paramLen=28, time=13:39:19
EA 27 00 01 01 00 90 05 34 01 00 01 38 39 38 36 30 38 35 36 31 31 32 34 39 30 32 39 38 36 36 30 02 04 00 00 00 00 00 00 10 69
[TX] cmd=0x01, seq=0x0091, paramLen=0
EA 0B 00 01 01 00 90 05 34 91 00 01 58 D1
[RX] cmd=0x81, seq=0x0002, paramLen=5, time=13:39:20
EA 10 00 01 01 00 90 05 34 02 00 81 02 1E FC FF FF BA DB
[SIM] heartbeat reply intentionally suppressed; TCP remains connected
[RX] cmd=0x81, seq=0x0003, paramLen=5, time=13:39:30
EA 10 00 01 01 00 90 05 34 03 00 81 02 1E FC FF FF 7B 17
[SIM] heartbeat reply intentionally suppressed; TCP remains connected
[RX] cmd=0x81, seq=0x0004, paramLen=5, time=13:39:40
EA 10 00 01 01 00 90 05 34 04 00 81 02 1E FC FF FF 3A F1
[SIM] heartbeat reply intentionally suppressed; TCP remains connected
[SIM] client disconnected
[SIM] client connected: 127.0.0.1:63065
[RX] cmd=0x01, seq=0x0001, paramLen=28, time=13:39:56
EA 27 00 01 01 00 90 05 34 01 00 01 38 39 38 36 30 38 35 36 31 31 32 34 39 30 32 39 38 36 36 30 02 04 00 00 00 00 00 00 10 69
[TX] cmd=0x01, seq=0x0092, paramLen=0
EA 0B 00 01 01 00 90 05 34 92 00 01 A8 D1
[RX] cmd=0x81, seq=0x0002, paramLen=5, time=13:39:57
EA 10 00 01 01 00 90 05 34 02 00 81 02 1E FC FF FF BA DB
[SIM] heartbeat reply intentionally suppressed; TCP remains connected
[RX] cmd=0x81, seq=0x0003, paramLen=5, time=13:40:07
EA 10 00 01 01 00 90 05 34 03 00 81 02 1E FC FF FF 7B 17
[SIM] heartbeat reply intentionally suppressed; TCP remains connected
[RX] cmd=0x81, seq=0x0004, paramLen=5, time=13:40:17
EA 10 00 01 01 00 90 05 34 04 00 81 02 1E FC FF FF 3A F1
[SIM] heartbeat reply intentionally suppressed; TCP remains connected
[SIM] client disconnected
[SIM] client connected: 127.0.0.1:63140
[RX] cmd=0x01, seq=0x0001, paramLen=28, time=13:40:34
EA 27 00 01 01 00 90 05 34 01 00 01 38 39 38 36 30 38 35 36 31 31 32 34 39 30 32 39 38 36 36 30 02 04 00 00 00 00 00 00 10 69
[TX] cmd=0x01, seq=0x0093, paramLen=0
EA 0B 00 01 01 00 90 05 34 93 00 01 F9 11
[RX] cmd=0x81, seq=0x0002, paramLen=5, time=13:40:35
EA 10 00 01 01 00 90 05 34 02 00 81 02 1E FC FF FF BA DB
[SIM] heartbeat reply intentionally suppressed; TCP remains connected
[RX] cmd=0x81, seq=0x0003, paramLen=5, time=13:40:45
EA 10 00 01 01 00 90 05 34 03 00 81 02 1E FC FF FF 7B 17
[SIM] heartbeat reply intentionally suppressed; TCP remains connected
[RX] cmd=0x81, seq=0x0004, paramLen=5, time=13:40:55
EA 10 00 01 01 00 90 05 34 04 00 81 02 1E FC FF FF 3A F1
[SIM] heartbeat reply intentionally suppressed; TCP remains connected
[SIM] client disconnected
[SIM] client connected: 127.0.0.1:63267
[RX] cmd=0x01, seq=0x0001, paramLen=28, time=13:41:11
EA 27 00 01 01 00 90 05 34 01 00 01 38 39 38 36 30 38 35 36 31 31 32 34 39 30 32 39 38 36 36 30 02 04 00 00 00 00 00 00 10 69
[TX] cmd=0x01, seq=0x0094, paramLen=0
EA 0B 00 01 01 00 90 05 34 94 00 01 48 D0
[RX] cmd=0x81, seq=0x0002, paramLen=5, time=13:41:12
EA 10 00 01 01 00 90 05 34 02 00 81 02 1E FC FF FF BA DB
[SIM] heartbeat reply intentionally suppressed; TCP remains connected
[RX] cmd=0x81, seq=0x0003, paramLen=5, time=13:41:22
EA 10 00 01 01 00 90 05 34 03 00 81 02 1E FC FF FF 7B 17
[SIM] heartbeat reply intentionally suppressed; TCP remains connected
[RX] cmd=0x81, seq=0x0004, paramLen=5, time=13:41:32
EA 10 00 01 01 00 90 05 34 04 00 81 02 1E FC FF FF 3A F1
[SIM] heartbeat reply intentionally suppressed; TCP remains connected
[SIM] client disconnected
[SIM] client connected: 127.0.0.1:63411
[RX] cmd=0x01, seq=0x0001, paramLen=28, time=13:41:48
EA 27 00 01 01 00 90 05 34 01 00 01 38 39 38 36 30 38 35 36 31 31 32 34 39 30 32 39 38 36 36 30 02 04 00 00 00 00 00 00 10 69
[TX] cmd=0x01, seq=0x0095, paramLen=0
EA 0B 00 01 01 00 90 05 34 95 00 01 19 10
[RX] cmd=0x81, seq=0x0002, paramLen=5, time=13:41:50
EA 10 00 01 01 00 90 05 34 02 00 81 02 1E FC FF FF BA DB
[SIM] heartbeat reply intentionally suppressed; TCP remains connected
[RX] cmd=0x81, seq=0x0003, paramLen=5, time=13:42:00
EA 10 00 01 01 00 90 05 34 03 00 81 02 1E FC FF FF 7B 17
[SIM] heartbeat reply intentionally suppressed; TCP remains connected
[RX] cmd=0x81, seq=0x0004, paramLen=5, time=13:42:09
EA 10 00 01 01 00 90 05 34 04 00 81 02 1E FC FF FF 3A F1
[SIM] heartbeat reply intentionally suppressed; TCP remains connected
[SIM] client disconnected
[SIM] client connected: 127.0.0.1:63464
[RX] cmd=0x01, seq=0x0001, paramLen=28, time=13:42:26
EA 27 00 01 01 00 90 05 34 01 00 01 38 39 38 36 30 38 35 36 31 31 32 34 39 30 32 39 38 36 36 30 02 04 00 00 00 00 00 00 10 69
[TX] cmd=0x01, seq=0x0096, paramLen=0
EA 0B 00 01 01 00 90 05 34 96 00 01 E9 10
[RX] cmd=0x81, seq=0x0002, paramLen=5, time=13:42:27
EA 10 00 01 01 00 90 05 34 02 00 81 02 1E FC FF FF BA DB
[SIM] heartbeat reply intentionally suppressed; TCP remains connected
[RX] cmd=0x81, seq=0x0003, paramLen=5, time=13:42:37
EA 10 00 01 01 00 90 05 34 03 00 81 02 1E FC FF FF 7B 17
[SIM] heartbeat reply intentionally suppressed; TCP remains connected
[RX] cmd=0x81, seq=0x0004, paramLen=5, time=13:42:47
EA 10 00 01 01 00 90 05 34 04 00 81 02 1E FC FF FF 3A F1
[SIM] heartbeat reply intentionally suppressed; TCP remains connected
[SIM] client disconnected
[SIM] client connected: 127.0.0.1:63529
[RX] cmd=0x01, seq=0x0001, paramLen=28, time=13:43:03
EA 27 00 01 01 00 90 05 34 01 00 01 38 39 38 36 30 38 35 36 31 31 32 34 39 30 32 39 38 36 36 30 02 04 00 00 00 00 00 00 10 69
[TX] cmd=0x01, seq=0x0097, paramLen=0
EA 0B 00 01 01 00 90 05 34 97 00 01 B8 D0
[RX] cmd=0x81, seq=0x0002, paramLen=5, time=13:43:04
EA 10 00 01 01 00 90 05 34 02 00 81 02 1E FC FF FF BA DB
[SIM] heartbeat reply intentionally suppressed; TCP remains connected
[RX] cmd=0x81, seq=0x0003, paramLen=5, time=13:43:14
EA 10 00 01 01 00 90 05 34 03 00 81 02 1E FC FF FF 7B 17
[SIM] heartbeat reply intentionally suppressed; TCP remains connected
[RX] cmd=0x81, seq=0x0004, paramLen=5, time=13:43:24
EA 10 00 01 01 00 90 05 34 04 00 81 02 1E FC FF FF 3A F1
[SIM] heartbeat reply intentionally suppressed; TCP remains connected
[SIM] client disconnected
[SIM] client connected: 127.0.0.1:63602
[RX] cmd=0x01, seq=0x0001, paramLen=28, time=13:43:41
EA 27 00 01 01 00 90 05 34 01 00 01 38 39 38 36 30 38 35 36 31 31 32 34 39 30 32 39 38 36 36 30 02 04 00 00 00 00 00 00 10 69
[TX] cmd=0x01, seq=0x0098, paramLen=0
EA 0B 00 01 01 00 90 05 34 98 00 01 88 D3
[RX] cmd=0x81, seq=0x0002, paramLen=5, time=13:43:42
EA 10 00 01 01 00 90 05 34 02 00 81 02 1E FC FF FF BA DB
[SIM] heartbeat reply intentionally suppressed; TCP remains connected
[RX] cmd=0x81, seq=0x0003, paramLen=5, time=13:43:52
EA 10 00 01 01 00 90 05 34 03 00 81 02 1E FC FF FF 7B 17
[SIM] heartbeat reply intentionally suppressed; TCP remains connected
[RX] cmd=0x81, seq=0x0004, paramLen=5, time=13:44:02
EA 10 00 01 01 00 90 05 34 04 00 81 02 1E FC FF FF 3A F1
[SIM] heartbeat reply intentionally suppressed; TCP remains connected
[SIM] client disconnected
[SIM] client connected: 127.0.0.1:63638
[RX] cmd=0x01, seq=0x0001, paramLen=28, time=13:44:18
EA 27 00 01 01 00 90 05 34 01 00 01 38 39 38 36 30 38 35 36 31 31 32 34 39 30 32 39 38 36 36 30 02 04 00 00 00 00 00 00 10 69
[TX] cmd=0x01, seq=0x0099, paramLen=0
EA 0B 00 01 01 00 90 05 34 99 00 01 D9 13
[RX] cmd=0x81, seq=0x0002, paramLen=5, time=13:44:19
EA 10 00 01 01 00 90 05 34 02 00 81 02 1E FC FF FF BA DB
[SIM] heartbeat reply intentionally suppressed; TCP remains connected
[RX] cmd=0x81, seq=0x0003, paramLen=5, time=13:44:29
EA 10 00 01 01 00 90 05 34 03 00 81 02 1E FC FF FF 7B 17
[SIM] heartbeat reply intentionally suppressed; TCP remains connected
[RX] cmd=0x81, seq=0x0004, paramLen=5, time=13:44:39
EA 10 00 01 01 00 90 05 34 04 00 81 02 1E FC FF FF 3A F1
[SIM] heartbeat reply intentionally suppressed; TCP remains connected
[SIM] client disconnected
[SIM] client connected: 127.0.0.1:63696
[RX] cmd=0x01, seq=0x0001, paramLen=28, time=13:44:55
EA 27 00 01 01 00 90 05 34 01 00 01 38 39 38 36 30 38 35 36 31 31 32 34 39 30 32 39 38 36 36 30 02 04 00 00 00 00 00 00 10 69
[TX] cmd=0x01, seq=0x009A, paramLen=0
EA 0B 00 01 01 00 90 05 34 9A 00 01 29 13
[RX] cmd=0x81, seq=0x0002, paramLen=5, time=13:44:56
EA 10 00 01 01 00 90 05 34 02 00 81 02 1E FC FF FF BA DB
[SIM] heartbeat reply intentionally suppressed; TCP remains connected
[RX] cmd=0x81, seq=0x0003, paramLen=5, time=13:45:06
EA 10 00 01 01 00 90 05 34 03 00 81 02 1E FC FF FF 7B 17
[SIM] heartbeat reply intentionally suppressed; TCP remains connected
[RX] cmd=0x81, seq=0x0004, paramLen=5, time=13:45:16
EA 10 00 01 01 00 90 05 34 04 00 81 02 1E FC FF FF 3A F1
[SIM] heartbeat reply intentionally suppressed; TCP remains connected
[SIM] client disconnected
[SIM] client connected: 127.0.0.1:63748
[RX] cmd=0x01, seq=0x0001, paramLen=28, time=13:45:32
EA 27 00 01 01 00 90 05 34 01 00 01 38 39 38 36 30 38 35 36 31 31 32 34 39 30 32 39 38 36 36 30 02 04 00 00 00 00 00 00 10 69
[TX] cmd=0x01, seq=0x009B, paramLen=0
EA 0B 00 01 01 00 90 05 34 9B 00 01 78 D3
[RX] cmd=0x81, seq=0x0002, paramLen=5, time=13:45:33
EA 10 00 01 01 00 90 05 34 02 00 81 02 1E FC FF FF BA DB
[SIM] heartbeat reply intentionally suppressed; TCP remains connected
[RX] cmd=0x81, seq=0x0003, paramLen=5, time=13:45:43
EA 10 00 01 01 00 90 05 34 03 00 81 02 1E FC FF FF 7B 17
[SIM] heartbeat reply intentionally suppressed; TCP remains connected
[RX] cmd=0x81, seq=0x0004, paramLen=5, time=13:45:53
EA 10 00 01 01 00 90 05 34 04 00 81 02 1E FC FF FF 3A F1
[SIM] heartbeat reply intentionally suppressed; TCP remains connected
[SIM] client disconnected
[SIM] client connected: 127.0.0.1:63781
[RX] cmd=0x01, seq=0x0001, paramLen=28, time=13:46:09
EA 27 00 01 01 00 90 05 34 01 00 01 38 39 38 36 30 38 35 36 31 31 32 34 39 30 32 39 38 36 36 30 02 04 00 00 00 00 00 00 10 69
[TX] cmd=0x01, seq=0x009C, paramLen=0
EA 0B 00 01 01 00 90 05 34 9C 00 01 C9 12
[RX] cmd=0x81, seq=0x0002, paramLen=5, time=13:46:10
EA 10 00 01 01 00 90 05 34 02 00 81 02 1E FC FF FF BA DB
[SIM] heartbeat reply intentionally suppressed; TCP remains connected
[RX] cmd=0x81, seq=0x0003, paramLen=5, time=13:46:20
EA 10 00 01 01 00 90 05 34 03 00 81 02 1E FC FF FF 7B 17
[SIM] heartbeat reply intentionally suppressed; TCP remains connected
[RX] cmd=0x81, seq=0x0004, paramLen=5, time=13:46:30
EA 10 00 01 01 00 90 05 34 04 00 81 02 1E FC FF FF 3A F1
[SIM] heartbeat reply intentionally suppressed; TCP remains connected
[SIM] client disconnected
[SIM] client connected: 127.0.0.1:63827
[RX] cmd=0x01, seq=0x0001, paramLen=28, time=13:46:46
EA 27 00 01 01 00 90 05 34 01 00 01 38 39 38 36 30 38 35 36 31 31 32 34 39 30 32 39 38 36 36 30 02 04 00 00 00 00 00 00 10 69
[TX] cmd=0x01, seq=0x009D, paramLen=0
EA 0B 00 01 01 00 90 05 34 9D 00 01 98 D2
[RX] cmd=0x81, seq=0x0002, paramLen=5, time=13:46:47
EA 10 00 01 01 00 90 05 34 02 00 81 02 1E FC FF FF BA DB
[SIM] heartbeat reply intentionally suppressed; TCP remains connected
[RX] cmd=0x81, seq=0x0003, paramLen=5, time=13:46:57
EA 10 00 01 01 00 90 05 34 03 00 81 02 1E FC FF FF 7B 17
[SIM] heartbeat reply intentionally suppressed; TCP remains connected
[RX] cmd=0x81, seq=0x0004, paramLen=5, time=13:47:08
EA 10 00 01 01 00 90 05 34 04 00 81 02 1E FC FF FF 3A F1
[SIM] heartbeat reply intentionally suppressed; TCP remains connected
[SIM] client disconnected
[SIM] client connected: 127.0.0.1:63869
[RX] cmd=0x01, seq=0x0001, paramLen=28, time=13:47:23
EA 27 00 01 01 00 90 05 34 01 00 01 38 39 38 36 30 38 35 36 31 31 32 34 39 30 32 39 38 36 36 30 02 04 00 00 00 00 00 00 10 69
[TX] cmd=0x01, seq=0x009E, paramLen=0
EA 0B 00 01 01 00 90 05 34 9E 00 01 68 D2
[RX] cmd=0x81, seq=0x0002, paramLen=5, time=13:47:24
EA 10 00 01 01 00 90 05 34 02 00 81 02 1E FC FF FF BA DB
[SIM] heartbeat reply intentionally suppressed; TCP remains connected
[RX] cmd=0x81, seq=0x0003, paramLen=5, time=13:47:34
EA 10 00 01 01 00 90 05 34 03 00 81 02 1E FC FF FF 7B 17
[SIM] heartbeat reply intentionally suppressed; TCP remains connected
[RX] cmd=0x81, seq=0x0004, paramLen=5, time=13:47:44
EA 10 00 01 01 00 90 05 34 04 00 81 02 1E FC FF FF 3A F1
[SIM] heartbeat reply intentionally suppressed; TCP remains connected
[SIM] client disconnected
[SIM] client connected: 127.0.0.1:63912
[RX] cmd=0x01, seq=0x0001, paramLen=28, time=13:48:00
EA 27 00 01 01 00 90 05 34 01 00 01 38 39 38 36 30 38 35 36 31 31 32 34 39 30 32 39 38 36 36 30 02 04 00 00 00 00 00 00 10 69
[TX] cmd=0x01, seq=0x009F, paramLen=0
EA 0B 00 01 01 00 90 05 34 9F 00 01 39 12
[RX] cmd=0x81, seq=0x0002, paramLen=5, time=13:48:01
EA 10 00 01 01 00 90 05 34 02 00 81 02 1E FC FF FF BA DB
[SIM] heartbeat reply intentionally suppressed; TCP remains connected
[RX] cmd=0x81, seq=0x0003, paramLen=5, time=13:48:11
EA 10 00 01 01 00 90 05 34 03 00 81 02 1E FC FF FF 7B 17
[SIM] heartbeat reply intentionally suppressed; TCP remains connected
[RX] cmd=0x81, seq=0x0004, paramLen=5, time=13:48:21
EA 10 00 01 01 00 90 05 34 04 00 81 02 1E FC FF FF 3A F1
[SIM] heartbeat reply intentionally suppressed; TCP remains connected
[SIM] client disconnected
[SIM] client connected: 127.0.0.1:63968
[RX] cmd=0x01, seq=0x0001, paramLen=28, time=13:48:37
EA 27 00 01 01 00 90 05 34 01 00 01 38 39 38 36 30 38 35 36 31 31 32 34 39 30 32 39 38 36 36 30 02 04 00 00 00 00 00 00 10 69
[TX] cmd=0x01, seq=0x00A0, paramLen=0
EA 0B 00 01 01 00 90 05 34 A0 00 01 09 1E
[RX] cmd=0x81, seq=0x0002, paramLen=5, time=13:48:38
EA 10 00 01 01 00 90 05 34 02 00 81 02 1E FC FF FF BA DB
[SIM] heartbeat reply intentionally suppressed; TCP remains connected
[RX] cmd=0x81, seq=0x0003, paramLen=5, time=13:48:48
EA 10 00 01 01 00 90 05 34 03 00 81 02 1E FC FF FF 7B 17
[SIM] heartbeat reply intentionally suppressed; TCP remains connected
[RX] cmd=0x81, seq=0x0004, paramLen=5, time=13:48:58
EA 10 00 01 01 00 90 05 34 04 00 81 02 1E FC FF FF 3A F1
[SIM] heartbeat reply intentionally suppressed; TCP remains connected
[SIM] client disconnected
[SIM] client connected: 127.0.0.1:64002
[RX] cmd=0x01, seq=0x0001, paramLen=28, time=13:49:14
EA 27 00 01 01 00 90 05 34 01 00 01 38 39 38 36 30 38 35 36 31 31 32 34 39 30 32 39 38 36 36 30 02 04 00 00 00 00 00 00 10 69
[TX] cmd=0x01, seq=0x00A1, paramLen=0
EA 0B 00 01 01 00 90 05 34 A1 00 01 58 DE
[RX] cmd=0x81, seq=0x0002, paramLen=5, time=13:49:15
EA 10 00 01 01 00 90 05 34 02 00 81 02 1E FC FF FF BA DB
[SIM] heartbeat reply intentionally suppressed; TCP remains connected
[RX] cmd=0x81, seq=0x0003, paramLen=5, time=13:49:25
EA 10 00 01 01 00 90 05 34 03 00 81 02 1E FC FF FF 7B 17
[SIM] heartbeat reply intentionally suppressed; TCP remains connected
[RX] cmd=0x81, seq=0x0004, paramLen=5, time=13:49:35
EA 10 00 01 01 00 90 05 34 04 00 81 02 1E FC FF FF 3A F1
[SIM] heartbeat reply intentionally suppressed; TCP remains connected
[SIM] client disconnected
[SIM] client connected: 127.0.0.1:64038
[RX] cmd=0x01, seq=0x0001, paramLen=28, time=13:49:51
EA 27 00 01 01 00 90 05 34 01 00 01 38 39 38 36 30 38 35 36 31 31 32 34 39 30 32 39 38 36 36 30 02 04 00 00 00 00 00 00 10 69
[TX] cmd=0x01, seq=0x00A2, paramLen=0
EA 0B 00 01 01 00 90 05 34 A2 00 01 A8 DE
[RX] cmd=0x81, seq=0x0002, paramLen=5, time=13:49:52
EA 10 00 01 01 00 90 05 34 02 00 81 02 1E FC FF FF BA DB
[SIM] heartbeat reply intentionally suppressed; TCP remains connected
[RX] cmd=0x81, seq=0x0003, paramLen=5, time=13:50:02
EA 10 00 01 01 00 90 05 34 03 00 81 02 1E FC FF FF 7B 17
[SIM] heartbeat reply intentionally suppressed; TCP remains connected
[RX] cmd=0x81, seq=0x0004, paramLen=5, time=13:50:12
EA 10 00 01 01 00 90 05 34 04 00 81 02 1E FC FF FF 3A F1
[SIM] heartbeat reply intentionally suppressed; TCP remains connected
[SIM] client disconnected
[SIM] client connected: 127.0.0.1:64078
[RX] cmd=0x01, seq=0x0001, paramLen=28, time=13:50:28
EA 27 00 01 01 00 90 05 34 01 00 01 38 39 38 36 30 38 35 36 31 31 32 34 39 30 32 39 38 36 36 30 02 04 00 00 00 00 00 00 10 69
[TX] cmd=0x01, seq=0x00A3, paramLen=0
EA 0B 00 01 01 00 90 05 34 A3 00 01 F9 1E
[RX] cmd=0x81, seq=0x0002, paramLen=5, time=13:50:29
EA 10 00 01 01 00 90 05 34 02 00 81 02 1E FC FF FF BA DB
[SIM] heartbeat reply intentionally suppressed; TCP remains connected
[RX] cmd=0x81, seq=0x0003, paramLen=5, time=13:50:39
EA 10 00 01 01 00 90 05 34 03 00 81 02 1E FC FF FF 7B 17
[SIM] heartbeat reply intentionally suppressed; TCP remains connected
[RX] cmd=0x81, seq=0x0004, paramLen=5, time=13:50:49
EA 10 00 01 01 00 90 05 34 04 00 81 02 1E FC FF FF 3A F1
[SIM] heartbeat reply intentionally suppressed; TCP remains connected
[SIM] client disconnected
[SIM] client connected: 127.0.0.1:64119
[RX] cmd=0x01, seq=0x0001, paramLen=28, time=13:51:05
EA 27 00 01 01 00 90 05 34 01 00 01 38 39 38 36 30 38 35 36 31 31 32 34 39 30 32 39 38 36 36 30 02 04 00 00 00 00 00 00 10 69
[TX] cmd=0x01, seq=0x00A4, paramLen=0
EA 0B 00 01 01 00 90 05 34 A4 00 01 48 DF
[RX] cmd=0x81, seq=0x0002, paramLen=5, time=13:51:05
EA 10 00 01 01 00 90 05 34 02 00 81 02 1E FC FF FF BA DB
[SIM] heartbeat reply intentionally suppressed; TCP remains connected
[RX] cmd=0x81, seq=0x0003, paramLen=5, time=13:51:15
EA 10 00 01 01 00 90 05 34 03 00 81 02 1E FC FF FF 7B 17
[SIM] heartbeat reply intentionally suppressed; TCP remains connected
[RX] cmd=0x81, seq=0x0004, paramLen=5, time=13:51:26
EA 10 00 01 01 00 90 05 34 04 00 81 02 1E FC FF FF 3A F1
[SIM] heartbeat reply intentionally suppressed; TCP remains connected
[SIM] client disconnected
[SIM] client connected: 127.0.0.1:64165
[RX] cmd=0x01, seq=0x0001, paramLen=28, time=13:51:42
EA 27 00 01 01 00 90 05 34 01 00 01 38 39 38 36 30 38 35 36 31 31 32 34 39 30 32 39 38 36 36 30 02 04 00 00 00 00 00 00 10 69
[TX] cmd=0x01, seq=0x00A5, paramLen=0
EA 0B 00 01 01 00 90 05 34 A5 00 01 19 1F
[RX] cmd=0x81, seq=0x0002, paramLen=5, time=13:51:42
EA 10 00 01 01 00 90 05 34 02 00 81 02 1E FC FF FF BA DB
[SIM] heartbeat reply intentionally suppressed; TCP remains connected
[RX] cmd=0x81, seq=0x0003, paramLen=5, time=13:51:52
EA 10 00 01 01 00 90 05 34 03 00 81 02 1E FC FF FF 7B 17
[SIM] heartbeat reply intentionally suppressed; TCP remains connected
[RX] cmd=0x81, seq=0x0004, paramLen=5, time=13:52:02
EA 10 00 01 01 00 90 05 34 04 00 81 02 1E FC FF FF 3A F1
[SIM] heartbeat reply intentionally suppressed; TCP remains connected
[SIM] client disconnected
[SIM] client connected: 127.0.0.1:64197
[RX] cmd=0x01, seq=0x0001, paramLen=28, time=13:52:18
EA 27 00 01 01 00 90 05 34 01 00 01 38 39 38 36 30 38 35 36 31 31 32 34 39 30 32 39 38 36 36 30 02 04 00 00 00 00 00 00 10 69
[TX] cmd=0x01, seq=0x00A6, paramLen=0
EA 0B 00 01 01 00 90 05 34 A6 00 01 E9 1F
[RX] cmd=0x81, seq=0x0002, paramLen=5, time=13:52:19
EA 10 00 01 01 00 90 05 34 02 00 81 02 1E FC FF FF BA DB
[SIM] heartbeat reply intentionally suppressed; TCP remains connected
[RX] cmd=0x81, seq=0x0003, paramLen=5, time=13:52:29
EA 10 00 01 01 00 90 05 34 03 00 81 02 1E FC FF FF 7B 17
[SIM] heartbeat reply intentionally suppressed; TCP remains connected
[RX] cmd=0x81, seq=0x0004, paramLen=5, time=13:52:39
EA 10 00 01 01 00 90 05 34 04 00 81 02 1E FC FF FF 3A F1
[SIM] heartbeat reply intentionally suppressed; TCP remains connected
[SIM] client disconnected
[SIM] client connected: 127.0.0.1:64238
[RX] cmd=0x01, seq=0x0001, paramLen=28, time=13:52:55
EA 27 00 01 01 00 90 05 34 01 00 01 38 39 38 36 30 38 35 36 31 31 32 34 39 30 32 39 38 36 36 30 02 04 00 00 00 00 00 00 10 69
[TX] cmd=0x01, seq=0x00A7, paramLen=0
EA 0B 00 01 01 00 90 05 34 A7 00 01 B8 DF
[RX] cmd=0x81, seq=0x0002, paramLen=5, time=13:52:56
EA 10 00 01 01 00 90 05 34 02 00 81 02 1E FC FF FF BA DB
[SIM] heartbeat reply intentionally suppressed; TCP remains connected
[RX] cmd=0x81, seq=0x0003, paramLen=5, time=13:53:06
EA 10 00 01 01 00 90 05 34 03 00 81 02 1E FC FF FF 7B 17
[SIM] heartbeat reply intentionally suppressed; TCP remains connected
[RX] cmd=0x81, seq=0x0004, paramLen=5, time=13:53:16
EA 10 00 01 01 00 90 05 34 04 00 81 02 1E FC FF FF 3A F1
[SIM] heartbeat reply intentionally suppressed; TCP remains connected
[SIM] client disconnected
[SIM] client connected: 127.0.0.1:64278
[RX] cmd=0x01, seq=0x0001, paramLen=28, time=13:53:32
EA 27 00 01 01 00 90 05 34 01 00 01 38 39 38 36 30 38 35 36 31 31 32 34 39 30 32 39 38 36 36 30 02 04 00 00 00 00 00 00 10 69
[TX] cmd=0x01, seq=0x00A8, paramLen=0
EA 0B 00 01 01 00 90 05 34 A8 00 01 88 DC
[RX] cmd=0x81, seq=0x0002, paramLen=5, time=13:53:33
EA 10 00 01 01 00 90 05 34 02 00 81 02 1E FC FF FF BA DB
[SIM] heartbeat reply intentionally suppressed; TCP remains connected
[RX] cmd=0x81, seq=0x0003, paramLen=5, time=13:53:43
EA 10 00 01 01 00 90 05 34 03 00 81 02 1E FC FF FF 7B 17
[SIM] heartbeat reply intentionally suppressed; TCP remains connected
[RX] cmd=0x81, seq=0x0004, paramLen=5, time=13:53:53
EA 10 00 01 01 00 90 05 34 04 00 81 02 1E FC FF FF 3A F1
[SIM] heartbeat reply intentionally suppressed; TCP remains connected
[SIM] client disconnected
[SIM] client connected: 127.0.0.1:64312
[RX] cmd=0x01, seq=0x0001, paramLen=28, time=13:54:09
EA 27 00 01 01 00 90 05 34 01 00 01 38 39 38 36 30 38 35 36 31 31 32 34 39 30 32 39 38 36 36 30 02 04 00 00 00 00 00 00 10 69
[TX] cmd=0x01, seq=0x00A9, paramLen=0
EA 0B 00 01 01 00 90 05 34 A9 00 01 D9 1C
[RX] cmd=0x81, seq=0x0002, paramLen=5, time=13:54:10
EA 10 00 01 01 00 90 05 34 02 00 81 02 1E FC FF FF BA DB
[SIM] heartbeat reply intentionally suppressed; TCP remains connected
[RX] cmd=0x81, seq=0x0003, paramLen=5, time=13:54:20
EA 10 00 01 01 00 90 05 34 03 00 81 02 1E FC FF FF 7B 17
[SIM] heartbeat reply intentionally suppressed; TCP remains connected
[RX] cmd=0x81, seq=0x0004, paramLen=5, time=13:54:30
EA 10 00 01 01 00 90 05 34 04 00 81 02 1E FC FF FF 3A F1
[SIM] heartbeat reply intentionally suppressed; TCP remains connected
[SIM] client disconnected
[SIM] client connected: 127.0.0.1:64357
[RX] cmd=0x01, seq=0x0001, paramLen=28, time=13:54:47
EA 27 00 01 01 00 90 05 34 01 00 01 38 39 38 36 30 38 35 36 31 31 32 34 39 30 32 39 38 36 36 30 02 04 00 00 00 00 00 00 10 69
[TX] cmd=0x01, seq=0x00AA, paramLen=0
EA 0B 00 01 01 00 90 05 34 AA 00 01 29 1C
[RX] cmd=0x81, seq=0x0002, paramLen=5, time=13:54:49
EA 10 00 01 01 00 90 05 34 02 00 81 02 1E FC FF FF BA DB
[SIM] heartbeat reply intentionally suppressed; TCP remains connected
[RX] cmd=0x81, seq=0x0003, paramLen=5, time=13:54:58
EA 10 00 01 01 00 90 05 34 03 00 81 02 1E FC FF FF 7B 17
[SIM] heartbeat reply intentionally suppressed; TCP remains connected
[RX] cmd=0x81, seq=0x0004, paramLen=5, time=13:55:08
EA 10 00 01 01 00 90 05 34 04 00 81 02 1E FC FF FF 3A F1
[SIM] heartbeat reply intentionally suppressed; TCP remains connected
[SIM] client disconnected
[SIM] client connected: 127.0.0.1:64391
[RX] cmd=0x01, seq=0x0001, paramLen=28, time=13:55:24
EA 27 00 01 01 00 90 05 34 01 00 01 38 39 38 36 30 38 35 36 31 31 32 34 39 30 32 39 38 36 36 30 02 04 00 00 00 00 00 00 10 69
[TX] cmd=0x01, seq=0x00AB, paramLen=0
EA 0B 00 01 01 00 90 05 34 AB 00 01 78 DC
[RX] cmd=0x81, seq=0x0002, paramLen=5, time=13:55:25
EA 10 00 01 01 00 90 05 34 02 00 81 02 1E FC FF FF BA DB
[SIM] heartbeat reply intentionally suppressed; TCP remains connected
[RX] cmd=0x81, seq=0x0003, paramLen=5, time=13:55:35
EA 10 00 01 01 00 90 05 34 03 00 81 02 1E FC FF FF 7B 17
[SIM] heartbeat reply intentionally suppressed; TCP remains connected
[RX] cmd=0x81, seq=0x0004, paramLen=5, time=13:55:45
EA 10 00 01 01 00 90 05 34 04 00 81 02 1E FC FF FF 3A F1
[SIM] heartbeat reply intentionally suppressed; TCP remains connected
[SIM] client disconnected
[SIM] client connected: 127.0.0.1:64437
[RX] cmd=0x01, seq=0x0001, paramLen=28, time=13:56:01
EA 27 00 01 01 00 90 05 34 01 00 01 38 39 38 36 30 38 35 36 31 31 32 34 39 30 32 39 38 36 36 30 02 04 00 00 00 00 00 00 10 69
[TX] cmd=0x01, seq=0x00AC, paramLen=0
EA 0B 00 01 01 00 90 05 34 AC 00 01 C9 1D
[RX] cmd=0x81, seq=0x0002, paramLen=5, time=13:56:02
EA 10 00 01 01 00 90 05 34 02 00 81 02 1E FC FF FF BA DB
[SIM] heartbeat reply intentionally suppressed; TCP remains connected
[RX] cmd=0x81, seq=0x0003, paramLen=5, time=13:56:12
EA 10 00 01 01 00 90 05 34 03 00 81 02 1E FC FF FF 7B 17
[SIM] heartbeat reply intentionally suppressed; TCP remains connected
[RX] cmd=0x81, seq=0x0004, paramLen=5, time=13:56:22
EA 10 00 01 01 00 90 05 34 04 00 81 02 1E FC FF FF 3A F1
[SIM] heartbeat reply intentionally suppressed; TCP remains connected
[SIM] client disconnected
[SIM] client connected: 127.0.0.1:64475
[RX] cmd=0x01, seq=0x0001, paramLen=28, time=13:56:38
EA 27 00 01 01 00 90 05 34 01 00 01 38 39 38 36 30 38 35 36 31 31 32 34 39 30 32 39 38 36 36 30 02 04 00 00 00 00 00 00 10 69
[TX] cmd=0x01, seq=0x00AD, paramLen=0
EA 0B 00 01 01 00 90 05 34 AD 00 01 98 DD
[RX] cmd=0x81, seq=0x0002, paramLen=5, time=13:56:39
EA 10 00 01 01 00 90 05 34 02 00 81 02 1E FC FF FF BA DB
[SIM] heartbeat reply intentionally suppressed; TCP remains connected
[RX] cmd=0x81, seq=0x0003, paramLen=5, time=13:56:49
EA 10 00 01 01 00 90 05 34 03 00 81 02 1E FC FF FF 7B 17
[SIM] heartbeat reply intentionally suppressed; TCP remains connected
[RX] cmd=0x81, seq=0x0004, paramLen=5, time=13:56:59
EA 10 00 01 01 00 90 05 34 04 00 81 02 1E FC FF FF 3A F1
[SIM] heartbeat reply intentionally suppressed; TCP remains connected
[SIM] client disconnected
[SIM] client connected: 127.0.0.1:64513
[RX] cmd=0x01, seq=0x0001, paramLen=28, time=13:57:15
EA 27 00 01 01 00 90 05 34 01 00 01 38 39 38 36 30 38 35 36 31 31 32 34 39 30 32 39 38 36 36 30 02 04 00 00 00 00 00 00 10 69
[TX] cmd=0x01, seq=0x00AE, paramLen=0
EA 0B 00 01 01 00 90 05 34 AE 00 01 68 DD
[RX] cmd=0x81, seq=0x0002, paramLen=5, time=13:57:15
EA 10 00 01 01 00 90 05 34 02 00 81 02 1E FC FF FF BA DB
[SIM] heartbeat reply intentionally suppressed; TCP remains connected
[RX] cmd=0x81, seq=0x0003, paramLen=5, time=13:57:25
EA 10 00 01 01 00 90 05 34 03 00 81 02 1E FC FF FF 7B 17
[SIM] heartbeat reply intentionally suppressed; TCP remains connected
[RX] cmd=0x81, seq=0x0004, paramLen=5, time=13:57:36
EA 10 00 01 01 00 90 05 34 04 00 81 02 1E FC FF FF 3A F1
[SIM] heartbeat reply intentionally suppressed; TCP remains connected
[SIM] client disconnected
[SIM] client connected: 127.0.0.1:64548
[RX] cmd=0x01, seq=0x0001, paramLen=28, time=13:57:51
EA 27 00 01 01 00 90 05 34 01 00 01 38 39 38 36 30 38 35 36 31 31 32 34 39 30 32 39 38 36 36 30 02 04 00 00 00 00 00 00 10 69
[TX] cmd=0x01, seq=0x00AF, paramLen=0
EA 0B 00 01 01 00 90 05 34 AF 00 01 39 1D
[RX] cmd=0x81, seq=0x0002, paramLen=5, time=13:57:52
EA 10 00 01 01 00 90 05 34 02 00 81 02 1E FC FF FF BA DB
[SIM] heartbeat reply intentionally suppressed; TCP remains connected
[RX] cmd=0x81, seq=0x0003, paramLen=5, time=13:58:02
EA 10 00 01 01 00 90 05 34 03 00 81 02 1E FC FF FF 7B 17
[SIM] heartbeat reply intentionally suppressed; TCP remains connected
[RX] cmd=0x81, seq=0x0004, paramLen=5, time=13:58:12
EA 10 00 01 01 00 90 05 34 04 00 81 02 1E FC FF FF 3A F1
[SIM] heartbeat reply intentionally suppressed; TCP remains connected
[SIM] client disconnected
[SIM] client connected: 127.0.0.1:64601
[RX] cmd=0x01, seq=0x0001, paramLen=28, time=13:58:29
EA 27 00 01 01 00 90 05 34 01 00 01 38 39 38 36 30 38 35 36 31 31 32 34 39 30 32 39 38 36 36 30 02 04 00 00 00 00 00 00 10 69
[TX] cmd=0x01, seq=0x00B0, paramLen=0
EA 0B 00 01 01 00 90 05 34 B0 00 01 08 DB
[RX] cmd=0x81, seq=0x0002, paramLen=5, time=13:58:30
EA 10 00 01 01 00 90 05 34 02 00 81 02 1E FC FF FF BA DB
[SIM] heartbeat reply intentionally suppressed; TCP remains connected
[RX] cmd=0x81, seq=0x0003, paramLen=5, time=13:58:40
EA 10 00 01 01 00 90 05 34 03 00 81 02 1E FC FF FF 7B 17
[SIM] heartbeat reply intentionally suppressed; TCP remains connected
[RX] cmd=0x81, seq=0x0004, paramLen=5, time=13:58:50
EA 10 00 01 01 00 90 05 34 04 00 81 02 1E FC FF FF 3A F1
[SIM] heartbeat reply intentionally suppressed; TCP remains connected
[SIM] client disconnected
[SIM] client connected: 127.0.0.1:64644
[RX] cmd=0x01, seq=0x0001, paramLen=28, time=13:59:06
EA 27 00 01 01 00 90 05 34 01 00 01 38 39 38 36 30 38 35 36 31 31 32 34 39 30 32 39 38 36 36 30 02 04 00 00 00 00 00 00 10 69
[TX] cmd=0x01, seq=0x00B1, paramLen=0
EA 0B 00 01 01 00 90 05 34 B1 00 01 59 1B
[RX] cmd=0x81, seq=0x0002, paramLen=5, time=13:59:07
EA 10 00 01 01 00 90 05 34 02 00 81 02 1E FC FF FF BA DB
[SIM] heartbeat reply intentionally suppressed; TCP remains connected
[RX] cmd=0x81, seq=0x0003, paramLen=5, time=13:59:17
EA 10 00 01 01 00 90 05 34 03 00 81 02 1E FC FF FF 7B 17
[SIM] heartbeat reply intentionally suppressed; TCP remains connected
[RX] cmd=0x81, seq=0x0004, paramLen=5, time=13:59:27
EA 10 00 01 01 00 90 05 34 04 00 81 02 1E FC FF FF 3A F1
[SIM] heartbeat reply intentionally suppressed; TCP remains connected
[SIM] client disconnected
[SIM] client connected: 127.0.0.1:64686
[RX] cmd=0x01, seq=0x0001, paramLen=28, time=13:59:43
EA 27 00 01 01 00 90 05 34 01 00 01 38 39 38 36 30 38 35 36 31 31 32 34 39 30 32 39 38 36 36 30 02 04 00 00 00 00 00 00 10 69
[TX] cmd=0x01, seq=0x00B2, paramLen=0
EA 0B 00 01 01 00 90 05 34 B2 00 01 A9 1B
[RX] cmd=0x81, seq=0x0002, paramLen=5, time=13:59:44
EA 10 00 01 01 00 90 05 34 02 00 81 02 1E FC FF FF BA DB
[SIM] heartbeat reply intentionally suppressed; TCP remains connected
[RX] cmd=0x81, seq=0x0003, paramLen=5, time=13:59:54
EA 10 00 01 01 00 90 05 34 03 00 81 02 1E FC FF FF 7B 17
[SIM] heartbeat reply intentionally suppressed; TCP remains connected
[RX] cmd=0x81, seq=0x0004, paramLen=5, time=14:00:04
EA 10 00 01 01 00 90 05 34 04 00 81 02 1E FC FF FF 3A F1
[SIM] heartbeat reply intentionally suppressed; TCP remains connected
[SIM] client disconnected
[SIM] client connected: 127.0.0.1:64753
[RX] cmd=0x01, seq=0x0001, paramLen=28, time=14:00:20
EA 27 00 01 01 00 90 05 34 01 00 01 38 39 38 36 30 38 35 36 31 31 32 34 39 30 32 39 38 36 36 30 02 04 00 00 00 00 00 00 10 69
[TX] cmd=0x01, seq=0x00B3, paramLen=0
EA 0B 00 01 01 00 90 05 34 B3 00 01 F8 DB
[RX] cmd=0x81, seq=0x0002, paramLen=5, time=14:00:21
EA 10 00 01 01 00 90 05 34 02 00 81 02 1E FC FF FF BA DB
[SIM] heartbeat reply intentionally suppressed; TCP remains connected
[RX] cmd=0x81, seq=0x0003, paramLen=5, time=14:00:31
EA 10 00 01 01 00 90 05 34 03 00 81 02 1E FC FF FF 7B 17
[SIM] heartbeat reply intentionally suppressed; TCP remains connected
[RX] cmd=0x81, seq=0x0004, paramLen=5, time=14:00:41
EA 10 00 01 01 00 90 05 34 04 00 81 02 1E FC FF FF 3A F1
[SIM] heartbeat reply intentionally suppressed; TCP remains connected
[SIM] client disconnected
[SIM] client connected: 127.0.0.1:64865
[RX] cmd=0x01, seq=0x0001, paramLen=28, time=14:00:57
EA 27 00 01 01 00 90 05 34 01 00 01 38 39 38 36 30 38 35 36 31 31 32 34 39 30 32 39 38 36 36 30 02 04 00 00 00 00 00 00 10 69
[TX] cmd=0x01, seq=0x00B4, paramLen=0
EA 0B 00 01 01 00 90 05 34 B4 00 01 49 1A
[RX] cmd=0x81, seq=0x0002, paramLen=5, time=14:00:59
EA 10 00 01 01 00 90 05 34 02 00 81 02 1E FC FF FF BA DB
[SIM] heartbeat reply intentionally suppressed; TCP remains connected
[RX] cmd=0x81, seq=0x0003, paramLen=5, time=14:01:09
EA 10 00 01 01 00 90 05 34 03 00 81 02 1E FC FF FF 7B 17
[SIM] heartbeat reply intentionally suppressed; TCP remains connected
[RX] cmd=0x81, seq=0x0004, paramLen=5, time=14:01:19
EA 10 00 01 01 00 90 05 34 04 00 81 02 1E FC FF FF 3A F1
[SIM] heartbeat reply intentionally suppressed; TCP remains connected
[SIM] client disconnected
[SIM] client connected: 127.0.0.1:64979
[RX] cmd=0x01, seq=0x0001, paramLen=28, time=14:01:36
EA 27 00 01 01 00 90 05 34 01 00 01 38 39 38 36 30 38 35 36 31 31 32 34 39 30 32 39 38 36 36 30 02 04 00 00 00 00 00 00 10 69
[TX] cmd=0x01, seq=0x00B5, paramLen=0
EA 0B 00 01 01 00 90 05 34 B5 00 01 18 DA
[RX] cmd=0x81, seq=0x0002, paramLen=5, time=14:01:37
EA 10 00 01 01 00 90 05 34 02 00 81 02 1E FC FF FF BA DB
[SIM] heartbeat reply intentionally suppressed; TCP remains connected
[RX] cmd=0x81, seq=0x0003, paramLen=5, time=14:01:47
EA 10 00 01 01 00 90 05 34 03 00 81 02 1E FC FF FF 7B 17
[SIM] heartbeat reply intentionally suppressed; TCP remains connected
[RX] cmd=0x81, seq=0x0004, paramLen=5, time=14:01:57
EA 10 00 01 01 00 90 05 34 04 00 81 02 1E FC FF FF 3A F1
[SIM] heartbeat reply intentionally suppressed; TCP remains connected
[SIM] client disconnected
[SIM] client connected: 127.0.0.1:65066
[RX] cmd=0x01, seq=0x0001, paramLen=28, time=14:02:13
EA 27 00 01 01 00 90 05 34 01 00 01 38 39 38 36 30 38 35 36 31 31 32 34 39 30 32 39 38 36 36 30 02 04 00 00 00 00 00 00 10 69
[TX] cmd=0x01, seq=0x00B6, paramLen=0
EA 0B 00 01 01 00 90 05 34 B6 00 01 E8 DA
[RX] cmd=0x81, seq=0x0002, paramLen=5, time=14:02:14
EA 10 00 01 01 00 90 05 34 02 00 81 02 1E FC FF FF BA DB
[SIM] heartbeat reply intentionally suppressed; TCP remains connected
[RX] cmd=0x81, seq=0x0003, paramLen=5, time=14:02:24
EA 10 00 01 01 00 90 05 34 03 00 81 02 1E FC FF FF 7B 17
[SIM] heartbeat reply intentionally suppressed; TCP remains connected
[RX] cmd=0x81, seq=0x0004, paramLen=5, time=14:02:34
EA 10 00 01 01 00 90 05 34 04 00 81 02 1E FC FF FF 3A F1
[SIM] heartbeat reply intentionally suppressed; TCP remains connected
[SIM] client disconnected
[SIM] client connected: 127.0.0.1:65176
[RX] cmd=0x01, seq=0x0001, paramLen=28, time=14:02:50
EA 27 00 01 01 00 90 05 34 01 00 01 38 39 38 36 30 38 35 36 31 31 32 34 39 30 32 39 38 36 36 30 02 04 00 00 00 00 00 00 10 69
[TX] cmd=0x01, seq=0x00B7, paramLen=0
EA 0B 00 01 01 00 90 05 34 B7 00 01 B9 1A
[RX] cmd=0x81, seq=0x0002, paramLen=5, time=14:02:52
EA 10 00 01 01 00 90 05 34 02 00 81 02 1E FC FF FF BA DB
[SIM] heartbeat reply intentionally suppressed; TCP remains connected
[RX] cmd=0x81, seq=0x0003, paramLen=5, time=14:03:01
EA 10 00 01 01 00 90 05 34 03 00 81 02 1E FC FF FF 7B 17
[SIM] heartbeat reply intentionally suppressed; TCP remains connected
[RX] cmd=0x81, seq=0x0004, paramLen=5, time=14:03:11
EA 10 00 01 01 00 90 05 34 04 00 81 02 1E FC FF FF 3A F1
[SIM] heartbeat reply intentionally suppressed; TCP remains connected
[SIM] client disconnected
[SIM] client connected: 127.0.0.1:65241
[RX] cmd=0x01, seq=0x0001, paramLen=28, time=14:03:27
EA 27 00 01 01 00 90 05 34 01 00 01 38 39 38 36 30 38 35 36 31 31 32 34 39 30 32 39 38 36 36 30 02 04 00 00 00 00 00 00 10 69
[TX] cmd=0x01, seq=0x00B8, paramLen=0
EA 0B 00 01 01 00 90 05 34 B8 00 01 89 19
[RX] cmd=0x81, seq=0x0002, paramLen=5, time=14:03:28
EA 10 00 01 01 00 90 05 34 02 00 81 02 1E FC FF FF BA DB
[SIM] heartbeat reply intentionally suppressed; TCP remains connected
[RX] cmd=0x81, seq=0x0003, paramLen=5, time=14:03:39
EA 10 00 01 01 00 90 05 34 03 00 81 02 1E FC FF FF 7B 17
[SIM] heartbeat reply intentionally suppressed; TCP remains connected
[RX] cmd=0x81, seq=0x0004, paramLen=5, time=14:03:48
EA 10 00 01 01 00 90 05 34 04 00 81 02 1E FC FF FF 3A F1
[SIM] heartbeat reply intentionally suppressed; TCP remains connected
[SIM] client disconnected
[SIM] client connected: 127.0.0.1:65359
[RX] cmd=0x01, seq=0x0001, paramLen=28, time=14:04:04
EA 27 00 01 01 00 90 05 34 01 00 01 38 39 38 36 30 38 35 36 31 31 32 34 39 30 32 39 38 36 36 30 02 04 00 00 00 00 00 00 10 69
[TX] cmd=0x01, seq=0x00B9, paramLen=0
EA 0B 00 01 01 00 90 05 34 B9 00 01 D8 D9
[RX] cmd=0x81, seq=0x0002, paramLen=5, time=14:04:05
EA 10 00 01 01 00 90 05 34 02 00 81 02 1E FC FF FF BA DB
[SIM] heartbeat reply intentionally suppressed; TCP remains connected
[RX] cmd=0x81, seq=0x0003, paramLen=5, time=14:04:15
EA 10 00 01 01 00 90 05 34 03 00 81 02 1E FC FF FF 7B 17
[SIM] heartbeat reply intentionally suppressed; TCP remains connected
[RX] cmd=0x81, seq=0x0004, paramLen=5, time=14:04:25
EA 10 00 01 01 00 90 05 34 04 00 81 02 1E FC FF FF 3A F1
[SIM] heartbeat reply intentionally suppressed; TCP remains connected
[SIM] client disconnected
[SIM] client connected: 127.0.0.1:65491
[RX] cmd=0x01, seq=0x0001, paramLen=28, time=14:04:42
EA 27 00 01 01 00 90 05 34 01 00 01 38 39 38 36 30 38 35 36 31 31 32 34 39 30 32 39 38 36 36 30 02 04 00 00 00 00 00 00 10 69
[TX] cmd=0x01, seq=0x00BA, paramLen=0
EA 0B 00 01 01 00 90 05 34 BA 00 01 28 D9
[RX] cmd=0x81, seq=0x0002, paramLen=5, time=14:04:43
EA 10 00 01 01 00 90 05 34 02 00 81 02 1E FC FF FF BA DB
[SIM] heartbeat reply intentionally suppressed; TCP remains connected
[RX] cmd=0x81, seq=0x0003, paramLen=5, time=14:04:53
EA 10 00 01 01 00 90 05 34 03 00 81 02 1E FC FF FF 7B 17
[SIM] heartbeat reply intentionally suppressed; TCP remains connected
[RX] cmd=0x81, seq=0x0004, paramLen=5, time=14:05:03
EA 10 00 01 01 00 90 05 34 04 00 81 02 1E FC FF FF 3A F1
[SIM] heartbeat reply intentionally suppressed; TCP remains connected
[SIM] client disconnected
[SIM] client connected: 127.0.0.1:49208
[RX] cmd=0x01, seq=0x0001, paramLen=28, time=14:05:19
EA 27 00 01 01 00 90 05 34 01 00 01 38 39 38 36 30 38 35 36 31 31 32 34 39 30 32 39 38 36 36 30 02 04 00 00 00 00 00 00 10 69
[TX] cmd=0x01, seq=0x00BB, paramLen=0
EA 0B 00 01 01 00 90 05 34 BB 00 01 79 19
[RX] cmd=0x81, seq=0x0002, paramLen=5, time=14:05:20
EA 10 00 01 01 00 90 05 34 02 00 81 02 1E FC FF FF BA DB
[SIM] heartbeat reply intentionally suppressed; TCP remains connected
[RX] cmd=0x81, seq=0x0003, paramLen=5, time=14:05:30
EA 10 00 01 01 00 90 05 34 03 00 81 02 1E FC FF FF 7B 17
[SIM] heartbeat reply intentionally suppressed; TCP remains connected
[RX] cmd=0x81, seq=0x0004, paramLen=5, time=14:05:40
EA 10 00 01 01 00 90 05 34 04 00 81 02 1E FC FF FF 3A F1
[SIM] heartbeat reply intentionally suppressed; TCP remains connected
[SIM] client disconnected
[SIM] client connected: 127.0.0.1:49293
[RX] cmd=0x01, seq=0x0001, paramLen=28, time=14:05:56
EA 27 00 01 01 00 90 05 34 01 00 01 38 39 38 36 30 38 35 36 31 31 32 34 39 30 32 39 38 36 36 30 02 04 00 00 00 00 00 00 10 69
[TX] cmd=0x01, seq=0x00BC, paramLen=0
EA 0B 00 01 01 00 90 05 34 BC 00 01 C8 D8
[RX] cmd=0x81, seq=0x0002, paramLen=5, time=14:05:57
EA 10 00 01 01 00 90 05 34 02 00 81 02 1E FC FF FF BA DB
[SIM] heartbeat reply intentionally suppressed; TCP remains connected
[RX] cmd=0x81, seq=0x0003, paramLen=5, time=14:06:07
EA 10 00 01 01 00 90 05 34 03 00 81 02 1E FC FF FF 7B 17
[SIM] heartbeat reply intentionally suppressed; TCP remains connected
[RX] cmd=0x81, seq=0x0004, paramLen=5, time=14:06:17
EA 10 00 01 01 00 90 05 34 04 00 81 02 1E FC FF FF 3A F1
[SIM] heartbeat reply intentionally suppressed; TCP remains connected
[SIM] client disconnected
[SIM] client connected: 127.0.0.1:49354
[RX] cmd=0x01, seq=0x0001, paramLen=28, time=14:06:33
EA 27 00 01 01 00 90 05 34 01 00 01 38 39 38 36 30 38 35 36 31 31 32 34 39 30 32 39 38 36 36 30 02 04 00 00 00 00 00 00 10 69
[TX] cmd=0x01, seq=0x00BD, paramLen=0
EA 0B 00 01 01 00 90 05 34 BD 00 01 99 18
[RX] cmd=0x81, seq=0x0002, paramLen=5, time=14:06:34
EA 10 00 01 01 00 90 05 34 02 00 81 02 1E FC FF FF BA DB
[SIM] heartbeat reply intentionally suppressed; TCP remains connected
[RX] cmd=0x81, seq=0x0003, paramLen=5, time=14:06:44
EA 10 00 01 01 00 90 05 34 03 00 81 02 1E FC FF FF 7B 17
[SIM] heartbeat reply intentionally suppressed; TCP remains connected
[RX] cmd=0x81, seq=0x0004, paramLen=5, time=14:06:54
EA 10 00 01 01 00 90 05 34 04 00 81 02 1E FC FF FF 3A F1
[SIM] heartbeat reply intentionally suppressed; TCP remains connected
[SIM] client disconnected
[SIM] client connected: 127.0.0.1:49680
[RX] cmd=0x01, seq=0x0001, paramLen=28, time=14:07:10
EA 27 00 01 01 00 90 05 34 01 00 01 38 39 38 36 30 38 35 36 31 31 32 34 39 30 32 39 38 36 36 30 02 04 00 00 00 00 00 00 10 69
[TX] cmd=0x01, seq=0x00BE, paramLen=0
EA 0B 00 01 01 00 90 05 34 BE 00 01 69 18
[RX] cmd=0x81, seq=0x0002, paramLen=5, time=14:07:10
EA 10 00 01 01 00 90 05 34 02 00 81 02 1E FC FF FF BA DB
[SIM] heartbeat reply intentionally suppressed; TCP remains connected
[RX] cmd=0x81, seq=0x0003, paramLen=5, time=14:07:20
EA 10 00 01 01 00 90 05 34 03 00 81 02 1E FC FF FF 7B 17
[SIM] heartbeat reply intentionally suppressed; TCP remains connected
[RX] cmd=0x81, seq=0x0004, paramLen=5, time=14:07:30
EA 10 00 01 01 00 90 05 34 04 00 81 02 1E FC FF FF 3A F1
[SIM] heartbeat reply intentionally suppressed; TCP remains connected
[SIM] client disconnected
[SIM] client connected: 127.0.0.1:49740
[RX] cmd=0x01, seq=0x0001, paramLen=28, time=14:07:46
EA 27 00 01 01 00 90 05 34 01 00 01 38 39 38 36 30 38 35 36 31 31 32 34 39 30 32 39 38 36 36 30 02 04 00 00 00 00 00 00 10 69
[TX] cmd=0x01, seq=0x00BF, paramLen=0
EA 0B 00 01 01 00 90 05 34 BF 00 01 38 D8
[RX] cmd=0x81, seq=0x0002, paramLen=5, time=14:07:48
EA 10 00 01 01 00 90 05 34 02 00 81 02 1E FC FF FF BA DB
[SIM] heartbeat reply intentionally suppressed; TCP remains connected
[RX] cmd=0x81, seq=0x0003, paramLen=5, time=14:07:58
EA 10 00 01 01 00 90 05 34 03 00 81 02 1E FC FF FF 7B 17
[SIM] heartbeat reply intentionally suppressed; TCP remains connected
[RX] cmd=0x81, seq=0x0004, paramLen=5, time=14:08:08
EA 10 00 01 01 00 90 05 34 04 00 81 02 1E FC FF FF 3A F1
[SIM] heartbeat reply intentionally suppressed; TCP remains connected
[SIM] client disconnected
[SIM] client connected: 127.0.0.1:49801
[RX] cmd=0x01, seq=0x0001, paramLen=28, time=14:08:24
EA 27 00 01 01 00 90 05 34 01 00 01 38 39 38 36 30 38 35 36 31 31 32 34 39 30 32 39 38 36 36 30 02 04 00 00 00 00 00 00 10 69
[TX] cmd=0x01, seq=0x00C0, paramLen=0
EA 0B 00 01 01 00 90 05 34 C0 00 01 09 00
[RX] cmd=0x81, seq=0x0002, paramLen=5, time=14:08:25
EA 10 00 01 01 00 90 05 34 02 00 81 02 1E FC FF FF BA DB
[SIM] heartbeat reply intentionally suppressed; TCP remains connected
[RX] cmd=0x81, seq=0x0003, paramLen=5, time=14:08:35
EA 10 00 01 01 00 90 05 34 03 00 81 02 1E FC FF FF 7B 17
[SIM] heartbeat reply intentionally suppressed; TCP remains connected
[RX] cmd=0x81, seq=0x0004, paramLen=5, time=14:08:45
EA 10 00 01 01 00 90 05 34 04 00 81 02 1E FC FF FF 3A F1
[SIM] heartbeat reply intentionally suppressed; TCP remains connected
[SIM] client disconnected
[SIM] client connected: 127.0.0.1:49858
[RX] cmd=0x01, seq=0x0001, paramLen=28, time=14:09:01
EA 27 00 01 01 00 90 05 34 01 00 01 38 39 38 36 30 38 35 36 31 31 32 34 39 30 32 39 38 36 36 30 02 04 00 00 00 00 00 00 10 69
[TX] cmd=0x01, seq=0x00C1, paramLen=0
EA 0B 00 01 01 00 90 05 34 C1 00 01 58 C0
[RX] cmd=0x81, seq=0x0002, paramLen=5, time=14:09:02
EA 10 00 01 01 00 90 05 34 02 00 81 02 1E FC FF FF BA DB
[SIM] heartbeat reply intentionally suppressed; TCP remains connected
[RX] cmd=0x81, seq=0x0003, paramLen=5, time=14:09:13
EA 10 00 01 01 00 90 05 34 03 00 81 02 1E FC FF FF 7B 17
[SIM] heartbeat reply intentionally suppressed; TCP remains connected
[RX] cmd=0x81, seq=0x0004, paramLen=5, time=14:09:35
EA 10 00 01 01 00 90 05 34 04 00 81 02 1E FC FF FF 3A F1
[SIM] heartbeat reply intentionally suppressed; TCP remains connected
[SIM] client disconnected
[SIM] client connected: 127.0.0.1:49900
[RX] cmd=0x01, seq=0x0001, paramLen=28, time=14:09:38
EA 27 00 01 01 00 90 05 34 01 00 01 38 39 38 36 30 38 35 36 31 31 32 34 39 30 32 39 38 36 36 30 02 04 00 00 00 00 00 00 10 69
[TX] cmd=0x01, seq=0x00C2, paramLen=0
EA 0B 00 01 01 00 90 05 34 C2 00 01 A8 C0
[RX] cmd=0x81, seq=0x0002, paramLen=5, time=14:09:39
EA 10 00 01 01 00 90 05 34 02 00 81 02 1E FC FF FF BA DB
[SIM] heartbeat reply intentionally suppressed; TCP remains connected
[RX] cmd=0x81, seq=0x0003, paramLen=5, time=14:09:49
EA 10 00 01 01 00 90 05 34 03 00 81 02 1E FC FF FF 7B 17
[SIM] heartbeat reply intentionally suppressed; TCP remains connected
[RX] cmd=0x81, seq=0x0004, paramLen=5, time=14:09:59
EA 10 00 01 01 00 90 05 34 04 00 81 02 1E FC FF FF 3A F1
[SIM] heartbeat reply intentionally suppressed; TCP remains connected
[SIM] client disconnected
[SIM] client connected: 127.0.0.1:49979
[RX] cmd=0x01, seq=0x0001, paramLen=28, time=14:10:16
EA 27 00 01 01 00 90 05 34 01 00 01 38 39 38 36 30 38 35 36 31 31 32 34 39 30 32 39 38 36 36 30 02 04 00 00 00 00 00 00 10 69
[TX] cmd=0x01, seq=0x00C3, paramLen=0
EA 0B 00 01 01 00 90 05 34 C3 00 01 F9 00
[RX] cmd=0x81, seq=0x0002, paramLen=5, time=14:10:17
EA 10 00 01 01 00 90 05 34 02 00 81 02 1E FC FF FF BA DB
[SIM] heartbeat reply intentionally suppressed; TCP remains connected
[RX] cmd=0x81, seq=0x0003, paramLen=5, time=14:10:27
EA 10 00 01 01 00 90 05 34 03 00 81 02 1E FC FF FF 7B 17
[SIM] heartbeat reply intentionally suppressed; TCP remains connected
[RX] cmd=0x81, seq=0x0004, paramLen=5, time=14:10:37
EA 10 00 01 01 00 90 05 34 04 00 81 02 1E FC FF FF 3A F1
[SIM] heartbeat reply intentionally suppressed; TCP remains connected
[SIM] client disconnected
[SIM] client connected: 127.0.0.1:50060
[RX] cmd=0x01, seq=0x0001, paramLen=28, time=14:10:53
EA 27 00 01 01 00 90 05 34 01 00 01 38 39 38 36 30 38 35 36 31 31 32 34 39 30 32 39 38 36 36 30 02 04 00 00 00 00 00 00 10 69
[TX] cmd=0x01, seq=0x00C4, paramLen=0
EA 0B 00 01 01 00 90 05 34 C4 00 01 48 C1
[RX] cmd=0x81, seq=0x0002, paramLen=5, time=14:10:54
EA 10 00 01 01 00 90 05 34 02 00 81 02 1E FC FF FF BA DB
[SIM] heartbeat reply intentionally suppressed; TCP remains connected
[RX] cmd=0x81, seq=0x0003, paramLen=5, time=14:11:04
EA 10 00 01 01 00 90 05 34 03 00 81 02 1E FC FF FF 7B 17
[SIM] heartbeat reply intentionally suppressed; TCP remains connected
[RX] cmd=0x81, seq=0x0004, paramLen=5, time=14:11:14
EA 10 00 01 01 00 90 05 34 04 00 81 02 1E FC FF FF 3A F1
[SIM] heartbeat reply intentionally suppressed; TCP remains connected
[SIM] client disconnected
[SIM] client connected: 127.0.0.1:50133
[RX] cmd=0x01, seq=0x0001, paramLen=28, time=14:11:30
EA 27 00 01 01 00 90 05 34 01 00 01 38 39 38 36 30 38 35 36 31 31 32 34 39 30 32 39 38 36 36 30 02 04 00 00 00 00 00 00 10 69
[TX] cmd=0x01, seq=0x00C5, paramLen=0
EA 0B 00 01 01 00 90 05 34 C5 00 01 19 01
[RX] cmd=0x81, seq=0x0002, paramLen=5, time=14:11:31
EA 10 00 01 01 00 90 05 34 02 00 81 02 1E FC FF FF BA DB
[SIM] heartbeat reply intentionally suppressed; TCP remains connected
[RX] cmd=0x81, seq=0x0003, paramLen=5, time=14:11:41
EA 10 00 01 01 00 90 05 34 03 00 81 02 1E FC FF FF 7B 17
[SIM] heartbeat reply intentionally suppressed; TCP remains connected
[RX] cmd=0x81, seq=0x0004, paramLen=5, time=14:11:51
EA 10 00 01 01 00 90 05 34 04 00 81 02 1E FC FF FF 3A F1
[SIM] heartbeat reply intentionally suppressed; TCP remains connected
[SIM] client disconnected
[SIM] client connected: 127.0.0.1:50185
[RX] cmd=0x01, seq=0x0001, paramLen=28, time=14:12:07
EA 27 00 01 01 00 90 05 34 01 00 01 38 39 38 36 30 38 35 36 31 31 32 34 39 30 32 39 38 36 36 30 02 04 00 00 00 00 00 00 10 69
[TX] cmd=0x01, seq=0x00C6, paramLen=0
EA 0B 00 01 01 00 90 05 34 C6 00 01 E9 01
[RX] cmd=0x81, seq=0x0002, paramLen=5, time=14:12:08
EA 10 00 01 01 00 90 05 34 02 00 81 02 1E FC FF FF BA DB
[SIM] heartbeat reply intentionally suppressed; TCP remains connected
[RX] cmd=0x81, seq=0x0003, paramLen=5, time=14:12:18
EA 10 00 01 01 00 90 05 34 03 00 81 02 1E FC FF FF 7B 17
[SIM] heartbeat reply intentionally suppressed; TCP remains connected
[RX] cmd=0x81, seq=0x0004, paramLen=5, time=14:12:28
EA 10 00 01 01 00 90 05 34 04 00 81 02 1E FC FF FF 3A F1
[SIM] heartbeat reply intentionally suppressed; TCP remains connected
[SIM] client disconnected
[SIM] client connected: 127.0.0.1:50264
[RX] cmd=0x01, seq=0x0001, paramLen=28, time=14:12:44
EA 27 00 01 01 00 90 05 34 01 00 01 38 39 38 36 30 38 35 36 31 31 32 34 39 30 32 39 38 36 36 30 02 04 00 00 00 00 00 00 10 69
[TX] cmd=0x01, seq=0x00C7, paramLen=0
EA 0B 00 01 01 00 90 05 34 C7 00 01 B8 C1
[RX] cmd=0x81, seq=0x0002, paramLen=5, time=14:12:44
EA 10 00 01 01 00 90 05 34 02 00 81 02 1E FC FF FF BA DB
[SIM] heartbeat reply intentionally suppressed; TCP remains connected
[RX] cmd=0x81, seq=0x0003, paramLen=5, time=14:12:54
EA 10 00 01 01 00 90 05 34 03 00 81 02 1E FC FF FF 7B 17
[SIM] heartbeat reply intentionally suppressed; TCP remains connected
[RX] cmd=0x81, seq=0x0004, paramLen=5, time=14:13:05
EA 10 00 01 01 00 90 05 34 04 00 81 02 1E FC FF FF 3A F1
[SIM] heartbeat reply intentionally suppressed; TCP remains connected
[SIM] client disconnected
[SIM] client connected: 127.0.0.1:50330
[RX] cmd=0x01, seq=0x0001, paramLen=28, time=14:13:20
EA 27 00 01 01 00 90 05 34 01 00 01 38 39 38 36 30 38 35 36 31 31 32 34 39 30 32 39 38 36 36 30 02 04 00 00 00 00 00 00 10 69
[TX] cmd=0x01, seq=0x00C8, paramLen=0
EA 0B 00 01 01 00 90 05 34 C8 00 01 88 C2
[RX] cmd=0x81, seq=0x0002, paramLen=5, time=14:13:21
EA 10 00 01 01 00 90 05 34 02 00 81 02 1E FC FF FF BA DB
[SIM] heartbeat reply intentionally suppressed; TCP remains connected
[RX] cmd=0x81, seq=0x0003, paramLen=5, time=14:13:31
EA 10 00 01 01 00 90 05 34 03 00 81 02 1E FC FF FF 7B 17
[SIM] heartbeat reply intentionally suppressed; TCP remains connected
[RX] cmd=0x81, seq=0x0004, paramLen=5, time=14:13:41
EA 10 00 01 01 00 90 05 34 04 00 81 02 1E FC FF FF 3A F1
[SIM] heartbeat reply intentionally suppressed; TCP remains connected
[SIM] client disconnected
[SIM] client connected: 127.0.0.1:50373
[RX] cmd=0x01, seq=0x0001, paramLen=28, time=14:13:57
EA 27 00 01 01 00 90 05 34 01 00 01 38 39 38 36 30 38 35 36 31 31 32 34 39 30 32 39 38 36 36 30 02 04 00 00 00 00 00 00 10 69
[TX] cmd=0x01, seq=0x00C9, paramLen=0
EA 0B 00 01 01 00 90 05 34 C9 00 01 D9 02
[RX] cmd=0x81, seq=0x0002, paramLen=5, time=14:13:58
EA 10 00 01 01 00 90 05 34 02 00 81 02 1E FC FF FF BA DB
[SIM] heartbeat reply intentionally suppressed; TCP remains connected
[RX] cmd=0x81, seq=0x0003, paramLen=5, time=14:14:08
EA 10 00 01 01 00 90 05 34 03 00 81 02 1E FC FF FF 7B 17
[SIM] heartbeat reply intentionally suppressed; TCP remains connected
[RX] cmd=0x81, seq=0x0004, paramLen=5, time=14:14:18
EA 10 00 01 01 00 90 05 34 04 00 81 02 1E FC FF FF 3A F1
[SIM] heartbeat reply intentionally suppressed; TCP remains connected
[SIM] client disconnected
[SIM] client connected: 127.0.0.1:50424
[RX] cmd=0x01, seq=0x0001, paramLen=28, time=14:14:34
EA 27 00 01 01 00 90 05 34 01 00 01 38 39 38 36 30 38 35 36 31 31 32 34 39 30 32 39 38 36 36 30 02 04 00 00 00 00 00 00 10 69
[TX] cmd=0x01, seq=0x00CA, paramLen=0
EA 0B 00 01 01 00 90 05 34 CA 00 01 29 02
[RX] cmd=0x81, seq=0x0002, paramLen=5, time=14:14:35
EA 10 00 01 01 00 90 05 34 02 00 81 02 1E FC FF FF BA DB
[SIM] heartbeat reply intentionally suppressed; TCP remains connected
[RX] cmd=0x81, seq=0x0003, paramLen=5, time=14:14:45
EA 10 00 01 01 00 90 05 34 03 00 81 02 1E FC FF FF 7B 17
[SIM] heartbeat reply intentionally suppressed; TCP remains connected
[RX] cmd=0x81, seq=0x0004, paramLen=5, time=14:14:55
EA 10 00 01 01 00 90 05 34 04 00 81 02 1E FC FF FF 3A F1
[SIM] heartbeat reply intentionally suppressed; TCP remains connected
[SIM] client disconnected
[SIM] client connected: 127.0.0.1:50489
[RX] cmd=0x01, seq=0x0001, paramLen=28, time=14:15:11
EA 27 00 01 01 00 90 05 34 01 00 01 38 39 38 36 30 38 35 36 31 31 32 34 39 30 32 39 38 36 36 30 02 04 00 00 00 00 00 00 10 69
[TX] cmd=0x01, seq=0x00CB, paramLen=0
EA 0B 00 01 01 00 90 05 34 CB 00 01 78 C2
[RX] cmd=0x81, seq=0x0002, paramLen=5, time=14:15:12
EA 10 00 01 01 00 90 05 34 02 00 81 02 1E FC FF FF BA DB
[SIM] heartbeat reply intentionally suppressed; TCP remains connected
[RX] cmd=0x81, seq=0x0003, paramLen=5, time=14:15:22
EA 10 00 01 01 00 90 05 34 03 00 81 02 1E FC FF FF 7B 17
[SIM] heartbeat reply intentionally suppressed; TCP remains connected
[RX] cmd=0x81, seq=0x0004, paramLen=5, time=14:15:32
EA 10 00 01 01 00 90 05 34 04 00 81 02 1E FC FF FF 3A F1
[SIM] heartbeat reply intentionally suppressed; TCP remains connected
[SIM] client disconnected
[SIM] client connected: 127.0.0.1:50582
[RX] cmd=0x01, seq=0x0001, paramLen=28, time=14:15:49
EA 27 00 01 01 00 90 05 34 01 00 01 38 39 38 36 30 38 35 36 31 31 32 34 39 30 32 39 38 36 36 30 02 04 00 00 00 00 00 00 10 69
[TX] cmd=0x01, seq=0x00CC, paramLen=0
EA 0B 00 01 01 00 90 05 34 CC 00 01 C9 03
[RX] cmd=0x81, seq=0x0002, paramLen=5, time=14:15:50
EA 10 00 01 01 00 90 05 34 02 00 81 02 1E FC FF FF BA DB
[SIM] heartbeat reply intentionally suppressed; TCP remains connected
[RX] cmd=0x81, seq=0x0003, paramLen=5, time=14:16:00
EA 10 00 01 01 00 90 05 34 03 00 81 02 1E FC FF FF 7B 17
[SIM] heartbeat reply intentionally suppressed; TCP remains connected
[RX] cmd=0x81, seq=0x0004, paramLen=5, time=14:16:10
EA 10 00 01 01 00 90 05 34 04 00 81 02 1E FC FF FF 3A F1
[SIM] heartbeat reply intentionally suppressed; TCP remains connected
[SIM] client disconnected
[SIM] client connected: 127.0.0.1:50663
[RX] cmd=0x01, seq=0x0001, paramLen=28, time=14:16:26
EA 27 00 01 01 00 90 05 34 01 00 01 38 39 38 36 30 38 35 36 31 31 32 34 39 30 32 39 38 36 36 30 02 04 00 00 00 00 00 00 10 69
[TX] cmd=0x01, seq=0x00CD, paramLen=0
EA 0B 00 01 01 00 90 05 34 CD 00 01 98 C3
[RX] cmd=0x81, seq=0x0002, paramLen=5, time=14:16:27
EA 10 00 01 01 00 90 05 34 02 00 81 02 1E FC FF FF BA DB
[SIM] heartbeat reply intentionally suppressed; TCP remains connected
[RX] cmd=0x81, seq=0x0003, paramLen=5, time=14:16:37
EA 10 00 01 01 00 90 05 34 03 00 81 02 1E FC FF FF 7B 17
[SIM] heartbeat reply intentionally suppressed; TCP remains connected
[RX] cmd=0x81, seq=0x0004, paramLen=5, time=14:16:47
EA 10 00 01 01 00 90 05 34 04 00 81 02 1E FC FF FF 3A F1
[SIM] heartbeat reply intentionally suppressed; TCP remains connected
[SIM] client disconnected
[SIM] client connected: 127.0.0.1:50713
[RX] cmd=0x01, seq=0x0001, paramLen=28, time=14:17:03
EA 27 00 01 01 00 90 05 34 01 00 01 38 39 38 36 30 38 35 36 31 31 32 34 39 30 32 39 38 36 36 30 02 04 00 00 00 00 00 00 10 69
[TX] cmd=0x01, seq=0x00CE, paramLen=0
EA 0B 00 01 01 00 90 05 34 CE 00 01 68 C3
[RX] cmd=0x81, seq=0x0002, paramLen=5, time=14:17:04
EA 10 00 01 01 00 90 05 34 02 00 81 02 1E FC FF FF BA DB
[SIM] heartbeat reply intentionally suppressed; TCP remains connected
[RX] cmd=0x81, seq=0x0003, paramLen=5, time=14:17:14
EA 10 00 01 01 00 90 05 34 03 00 81 02 1E FC FF FF 7B 17
[SIM] heartbeat reply intentionally suppressed; TCP remains connected
[RX] cmd=0x81, seq=0x0004, paramLen=5, time=14:17:24
EA 10 00 01 01 00 90 05 34 04 00 81 02 1E FC FF FF 3A F1
[SIM] heartbeat reply intentionally suppressed; TCP remains connected
[SIM] client disconnected
[SIM] client connected: 127.0.0.1:50768
[RX] cmd=0x01, seq=0x0001, paramLen=28, time=14:17:40
EA 27 00 01 01 00 90 05 34 01 00 01 38 39 38 36 30 38 35 36 31 31 32 34 39 30 32 39 38 36 36 30 02 04 00 00 00 00 00 00 10 69
[TX] cmd=0x01, seq=0x00CF, paramLen=0
EA 0B 00 01 01 00 90 05 34 CF 00 01 39 03
[RX] cmd=0x81, seq=0x0002, paramLen=5, time=14:17:41
EA 10 00 01 01 00 90 05 34 02 00 81 02 1E FC FF FF BA DB
[SIM] heartbeat reply intentionally suppressed; TCP remains connected
[RX] cmd=0x81, seq=0x0003, paramLen=5, time=14:17:51
EA 10 00 01 01 00 90 05 34 03 00 81 02 1E FC FF FF 7B 17
[SIM] heartbeat reply intentionally suppressed; TCP remains connected
[RX] cmd=0x81, seq=0x0004, paramLen=5, time=14:18:01
EA 10 00 01 01 00 90 05 34 04 00 81 02 1E FC FF FF 3A F1
[SIM] heartbeat reply intentionally suppressed; TCP remains connected
[SIM] client disconnected
[SIM] client connected: 127.0.0.1:50836
[RX] cmd=0x01, seq=0x0001, paramLen=28, time=14:18:17
EA 27 00 01 01 00 90 05 34 01 00 01 38 39 38 36 30 38 35 36 31 31 32 34 39 30 32 39 38 36 36 30 02 04 00 00 00 00 00 00 10 69
[TX] cmd=0x01, seq=0x00D0, paramLen=0
EA 0B 00 01 01 00 90 05 34 D0 00 01 08 C5
[RX] cmd=0x81, seq=0x0002, paramLen=5, time=14:18:18
EA 10 00 01 01 00 90 05 34 02 00 81 02 1E FC FF FF BA DB
[SIM] heartbeat reply intentionally suppressed; TCP remains connected
[RX] cmd=0x81, seq=0x0003, paramLen=5, time=14:18:28
EA 10 00 01 01 00 90 05 34 03 00 81 02 1E FC FF FF 7B 17
[SIM] heartbeat reply intentionally suppressed; TCP remains connected
[RX] cmd=0x81, seq=0x0004, paramLen=5, time=14:18:38
EA 10 00 01 01 00 90 05 34 04 00 81 02 1E FC FF FF 3A F1
[SIM] heartbeat reply intentionally suppressed; TCP remains connected
[SIM] client disconnected
[SIM] client connected: 127.0.0.1:50885
[RX] cmd=0x01, seq=0x0001, paramLen=28, time=14:18:54
EA 27 00 01 01 00 90 05 34 01 00 01 38 39 38 36 30 38 35 36 31 31 32 34 39 30 32 39 38 36 36 30 02 04 00 00 00 00 00 00 10 69
[TX] cmd=0x01, seq=0x00D1, paramLen=0
EA 0B 00 01 01 00 90 05 34 D1 00 01 59 05
[RX] cmd=0x81, seq=0x0002, paramLen=5, time=14:18:55
EA 10 00 01 01 00 90 05 34 02 00 81 02 1E FC FF FF BA DB
[SIM] heartbeat reply intentionally suppressed; TCP remains connected
[RX] cmd=0x81, seq=0x0003, paramLen=5, time=14:19:05
EA 10 00 01 01 00 90 05 34 03 00 81 02 1E FC FF FF 7B 17
[SIM] heartbeat reply intentionally suppressed; TCP remains connected
[RX] cmd=0x81, seq=0x0004, paramLen=5, time=14:19:15
EA 10 00 01 01 00 90 05 34 04 00 81 02 1E FC FF FF 3A F1
[SIM] heartbeat reply intentionally suppressed; TCP remains connected
[SIM] client disconnected
[SIM] client connected: 127.0.0.1:50948
[RX] cmd=0x01, seq=0x0001, paramLen=28, time=14:19:31
EA 27 00 01 01 00 90 05 34 01 00 01 38 39 38 36 30 38 35 36 31 31 32 34 39 30 32 39 38 36 36 30 02 04 00 00 00 00 00 00 10 69
[TX] cmd=0x01, seq=0x00D2, paramLen=0
EA 0B 00 01 01 00 90 05 34 D2 00 01 A9 05
[RX] cmd=0x81, seq=0x0002, paramLen=5, time=14:19:32
EA 10 00 01 01 00 90 05 34 02 00 81 02 1E FC FF FF BA DB
[SIM] heartbeat reply intentionally suppressed; TCP remains connected
[RX] cmd=0x81, seq=0x0003, paramLen=5, time=14:19:42
EA 10 00 01 01 00 90 05 34 03 00 81 02 1E FC FF FF 7B 17
[SIM] heartbeat reply intentionally suppressed; TCP remains connected
[RX] cmd=0x81, seq=0x0004, paramLen=5, time=14:19:52
EA 10 00 01 01 00 90 05 34 04 00 81 02 1E FC FF FF 3A F1
[SIM] heartbeat reply intentionally suppressed; TCP remains connected
[SIM] client disconnected
[SIM] client connected: 127.0.0.1:50989
[RX] cmd=0x01, seq=0x0001, paramLen=28, time=14:20:08
EA 27 00 01 01 00 90 05 34 01 00 01 38 39 38 36 30 38 35 36 31 31 32 34 39 30 32 39 38 36 36 30 02 04 00 00 00 00 00 00 10 69
[TX] cmd=0x01, seq=0x00D3, paramLen=0
EA 0B 00 01 01 00 90 05 34 D3 00 01 F8 C5
[RX] cmd=0x81, seq=0x0002, paramLen=5, time=14:20:09
EA 10 00 01 01 00 90 05 34 02 00 81 02 1E FC FF FF BA DB
[SIM] heartbeat reply intentionally suppressed; TCP remains connected
[RX] cmd=0x81, seq=0x0003, paramLen=5, time=14:20:19
EA 10 00 01 01 00 90 05 34 03 00 81 02 1E FC FF FF 7B 17
[SIM] heartbeat reply intentionally suppressed; TCP remains connected
[RX] cmd=0x81, seq=0x0004, paramLen=5, time=14:20:29
EA 10 00 01 01 00 90 05 34 04 00 81 02 1E FC FF FF 3A F1
[SIM] heartbeat reply intentionally suppressed; TCP remains connected
[SIM] client disconnected
[SIM] client connected: 127.0.0.1:51042
[RX] cmd=0x01, seq=0x0001, paramLen=28, time=14:20:45
EA 27 00 01 01 00 90 05 34 01 00 01 38 39 38 36 30 38 35 36 31 31 32 34 39 30 32 39 38 36 36 30 02 04 00 00 00 00 00 00 10 69
[TX] cmd=0x01, seq=0x00D4, paramLen=0
EA 0B 00 01 01 00 90 05 34 D4 00 01 49 04
[RX] cmd=0x81, seq=0x0002, paramLen=5, time=14:20:46
EA 10 00 01 01 00 90 05 34 02 00 81 02 1E FC FF FF BA DB
[SIM] heartbeat reply intentionally suppressed; TCP remains connected
[RX] cmd=0x81, seq=0x0003, paramLen=5, time=14:20:56
EA 10 00 01 01 00 90 05 34 03 00 81 02 1E FC FF FF 7B 17
[SIM] heartbeat reply intentionally suppressed; TCP remains connected
[RX] cmd=0x81, seq=0x0004, paramLen=5, time=14:21:06
EA 10 00 01 01 00 90 05 34 04 00 81 02 1E FC FF FF 3A F1
[SIM] heartbeat reply intentionally suppressed; TCP remains connected
[SIM] client disconnected
[SIM] client connected: 127.0.0.1:51109
[RX] cmd=0x01, seq=0x0001, paramLen=28, time=14:21:22
EA 27 00 01 01 00 90 05 34 01 00 01 38 39 38 36 30 38 35 36 31 31 32 34 39 30 32 39 38 36 36 30 02 04 00 00 00 00 00 00 10 69
[TX] cmd=0x01, seq=0x00D5, paramLen=0
EA 0B 00 01 01 00 90 05 34 D5 00 01 18 C4
[RX] cmd=0x81, seq=0x0002, paramLen=5, time=14:21:22
EA 10 00 01 01 00 90 05 34 02 00 81 02 1E FC FF FF BA DB
[SIM] heartbeat reply intentionally suppressed; TCP remains connected
[RX] cmd=0x81, seq=0x0003, paramLen=5, time=14:21:33
EA 10 00 01 01 00 90 05 34 03 00 81 02 1E FC FF FF 7B 17
[SIM] heartbeat reply intentionally suppressed; TCP remains connected
[RX] cmd=0x81, seq=0x0004, paramLen=5, time=14:21:43
EA 10 00 01 01 00 90 05 34 04 00 81 02 1E FC FF FF 3A F1
[SIM] heartbeat reply intentionally suppressed; TCP remains connected
[SIM] client disconnected
[SIM] client connected: 127.0.0.1:51165
[RX] cmd=0x01, seq=0x0001, paramLen=28, time=14:21:58
EA 27 00 01 01 00 90 05 34 01 00 01 38 39 38 36 30 38 35 36 31 31 32 34 39 30 32 39 38 36 36 30 02 04 00 00 00 00 00 00 10 69
[TX] cmd=0x01, seq=0x00D6, paramLen=0
EA 0B 00 01 01 00 90 05 34 D6 00 01 E8 C4
[RX] cmd=0x81, seq=0x0002, paramLen=5, time=14:22:00
EA 10 00 01 01 00 90 05 34 02 00 81 02 1E FC FF FF BA DB
[SIM] heartbeat reply intentionally suppressed; TCP remains connected
[RX] cmd=0x81, seq=0x0003, paramLen=5, time=14:22:10
EA 10 00 01 01 00 90 05 34 03 00 81 02 1E FC FF FF 7B 17
[SIM] heartbeat reply intentionally suppressed; TCP remains connected
[RX] cmd=0x81, seq=0x0004, paramLen=5, time=14:22:20
EA 10 00 01 01 00 90 05 34 04 00 81 02 1E FC FF FF 3A F1
[SIM] heartbeat reply intentionally suppressed; TCP remains connected
[SIM] client disconnected
[SIM] client connected: 127.0.0.1:51233
[RX] cmd=0x01, seq=0x0001, paramLen=28, time=14:22:38
EA 27 00 01 01 00 90 05 34 01 00 01 38 39 38 36 30 38 35 36 31 31 32 34 39 30 32 39 38 36 36 30 02 04 00 00 00 00 00 00 10 69
[TX] cmd=0x01, seq=0x00D7, paramLen=0
EA 0B 00 01 01 00 90 05 34 D7 00 01 B9 04
[RX] cmd=0x81, seq=0x0002, paramLen=5, time=14:22:38
EA 10 00 01 01 00 90 05 34 02 00 81 02 1E FC FF FF BA DB
[SIM] heartbeat reply intentionally suppressed; TCP remains connected
[RX] cmd=0x81, seq=0x0003, paramLen=5, time=14:22:48
EA 10 00 01 01 00 90 05 34 03 00 81 02 1E FC FF FF 7B 17
[SIM] heartbeat reply intentionally suppressed; TCP remains connected
[RX] cmd=0x81, seq=0x0004, paramLen=5, time=14:22:59
EA 10 00 01 01 00 90 05 34 04 00 81 02 1E FC FF FF 3A F1
[SIM] heartbeat reply intentionally suppressed; TCP remains connected
[SIM] client disconnected
[SIM] client connected: 127.0.0.1:51305
[RX] cmd=0x01, seq=0x0001, paramLen=28, time=14:23:15
EA 27 00 01 01 00 90 05 34 01 00 01 38 39 38 36 30 38 35 36 31 31 32 34 39 30 32 39 38 36 36 30 02 04 00 00 00 00 00 00 10 69
[TX] cmd=0x01, seq=0x00D8, paramLen=0
EA 0B 00 01 01 00 90 05 34 D8 00 01 89 07
[RX] cmd=0x81, seq=0x0002, paramLen=5, time=14:23:15
EA 10 00 01 01 00 90 05 34 02 00 81 02 1E FC FF FF BA DB
[SIM] heartbeat reply intentionally suppressed; TCP remains connected
[RX] cmd=0x81, seq=0x0003, paramLen=5, time=14:23:25
EA 10 00 01 01 00 90 05 34 03 00 81 02 1E FC FF FF 7B 17
[SIM] heartbeat reply intentionally suppressed; TCP remains connected
[RX] cmd=0x81, seq=0x0004, paramLen=5, time=14:23:35
EA 10 00 01 01 00 90 05 34 04 00 81 02 1E FC FF FF 3A F1
[SIM] heartbeat reply intentionally suppressed; TCP remains connected
[SIM] client disconnected
[SIM] client connected: 127.0.0.1:51359
[RX] cmd=0x01, seq=0x0001, paramLen=28, time=14:23:51
EA 27 00 01 01 00 90 05 34 01 00 01 38 39 38 36 30 38 35 36 31 31 32 34 39 30 32 39 38 36 36 30 02 04 00 00 00 00 00 00 10 69
[TX] cmd=0x01, seq=0x00D9, paramLen=0
EA 0B 00 01 01 00 90 05 34 D9 00 01 D8 C7
[RX] cmd=0x81, seq=0x0002, paramLen=5, time=14:23:52
EA 10 00 01 01 00 90 05 34 02 00 81 02 1E FC FF FF BA DB
[SIM] heartbeat reply intentionally suppressed; TCP remains connected
[RX] cmd=0x81, seq=0x0003, paramLen=5, time=14:24:02
EA 10 00 01 01 00 90 05 34 03 00 81 02 1E FC FF FF 7B 17
[SIM] heartbeat reply intentionally suppressed; TCP remains connected
[RX] cmd=0x81, seq=0x0004, paramLen=5, time=14:24:12
EA 10 00 01 01 00 90 05 34 04 00 81 02 1E FC FF FF 3A F1
[SIM] heartbeat reply intentionally suppressed; TCP remains connected
[SIM] client disconnected
[SIM] client connected: 127.0.0.1:51434
[RX] cmd=0x01, seq=0x0001, paramLen=28, time=14:24:28
EA 27 00 01 01 00 90 05 34 01 00 01 38 39 38 36 30 38 35 36 31 31 32 34 39 30 32 39 38 36 36 30 02 04 00 00 00 00 00 00 10 69
[TX] cmd=0x01, seq=0x00DA, paramLen=0
EA 0B 00 01 01 00 90 05 34 DA 00 01 28 C7
[RX] cmd=0x81, seq=0x0002, paramLen=5, time=14:24:30
EA 10 00 01 01 00 90 05 34 02 00 81 02 1E FC FF FF BA DB
[SIM] heartbeat reply intentionally suppressed; TCP remains connected
[RX] cmd=0x81, seq=0x0003, paramLen=5, time=14:24:40
EA 10 00 01 01 00 90 05 34 03 00 81 02 1E FC FF FF 7B 17
[SIM] heartbeat reply intentionally suppressed; TCP remains connected
[RX] cmd=0x81, seq=0x0004, paramLen=5, time=14:24:50
EA 10 00 01 01 00 90 05 34 04 00 81 02 1E FC FF FF 3A F1
[SIM] heartbeat reply intentionally suppressed; TCP remains connected
[SIM] client disconnected
[SIM] client connected: 127.0.0.1:51478
[RX] cmd=0x01, seq=0x0001, paramLen=28, time=14:25:06
EA 27 00 01 01 00 90 05 34 01 00 01 38 39 38 36 30 38 35 36 31 31 32 34 39 30 32 39 38 36 36 30 02 04 00 00 00 00 00 00 10 69
[TX] cmd=0x01, seq=0x00DB, paramLen=0
EA 0B 00 01 01 00 90 05 34 DB 00 01 79 07
[RX] cmd=0x81, seq=0x0002, paramLen=5, time=14:25:07
EA 10 00 01 01 00 90 05 34 02 00 81 02 1E FC FF FF BA DB
[SIM] heartbeat reply intentionally suppressed; TCP remains connected
[RX] cmd=0x81, seq=0x0003, paramLen=5, time=14:25:17
EA 10 00 01 01 00 90 05 34 03 00 81 02 1E FC FF FF 7B 17
[SIM] heartbeat reply intentionally suppressed; TCP remains connected
[RX] cmd=0x81, seq=0x0004, paramLen=5, time=14:25:27
EA 10 00 01 01 00 90 05 34 04 00 81 02 1E FC FF FF 3A F1
[SIM] heartbeat reply intentionally suppressed; TCP remains connected
[SIM] client disconnected
[SIM] client connected: 127.0.0.1:51538
[RX] cmd=0x01, seq=0x0001, paramLen=28, time=14:25:43
EA 27 00 01 01 00 90 05 34 01 00 01 38 39 38 36 30 38 35 36 31 31 32 34 39 30 32 39 38 36 36 30 02 04 00 00 00 00 00 00 10 69
[TX] cmd=0x01, seq=0x00DC, paramLen=0
EA 0B 00 01 01 00 90 05 34 DC 00 01 C8 C6
[RX] cmd=0x81, seq=0x0002, paramLen=5, time=14:25:44
EA 10 00 01 01 00 90 05 34 02 00 81 02 1E FC FF FF BA DB
[SIM] heartbeat reply intentionally suppressed; TCP remains connected
[RX] cmd=0x81, seq=0x0003, paramLen=5, time=14:25:54
EA 10 00 01 01 00 90 05 34 03 00 81 02 1E FC FF FF 7B 17
[SIM] heartbeat reply intentionally suppressed; TCP remains connected
[RX] cmd=0x81, seq=0x0004, paramLen=5, time=14:26:04
EA 10 00 01 01 00 90 05 34 04 00 81 02 1E FC FF FF 3A F1
[SIM] heartbeat reply intentionally suppressed; TCP remains connected
[SIM] client disconnected
[SIM] client connected: 127.0.0.1:51600
[RX] cmd=0x01, seq=0x0001, paramLen=28, time=14:26:20
EA 27 00 01 01 00 90 05 34 01 00 01 38 39 38 36 30 38 35 36 31 31 32 34 39 30 32 39 38 36 36 30 02 04 00 00 00 00 00 00 10 69
[TX] cmd=0x01, seq=0x00DD, paramLen=0
EA 0B 00 01 01 00 90 05 34 DD 00 01 99 06
[RX] cmd=0x81, seq=0x0002, paramLen=5, time=14:26:21
EA 10 00 01 01 00 90 05 34 02 00 81 02 1E FC FF FF BA DB
[SIM] heartbeat reply intentionally suppressed; TCP remains connected
[RX] cmd=0x81, seq=0x0003, paramLen=5, time=14:26:31
EA 10 00 01 01 00 90 05 34 03 00 81 02 1E FC FF FF 7B 17
[SIM] heartbeat reply intentionally suppressed; TCP remains connected
[RX] cmd=0x81, seq=0x0004, paramLen=5, time=14:26:41
EA 10 00 01 01 00 90 05 34 04 00 81 02 1E FC FF FF 3A F1
[SIM] heartbeat reply intentionally suppressed; TCP remains connected
[SIM] client disconnected
[SIM] client connected: 127.0.0.1:51628
[RX] cmd=0x01, seq=0x0001, paramLen=28, time=14:26:57
EA 27 00 01 01 00 90 05 34 01 00 01 38 39 38 36 30 38 35 36 31 31 32 34 39 30 32 39 38 36 36 30 02 04 00 00 00 00 00 00 10 69
[TX] cmd=0x01, seq=0x00DE, paramLen=0
EA 0B 00 01 01 00 90 05 34 DE 00 01 69 06
[RX] cmd=0x81, seq=0x0002, paramLen=5, time=14:26:58
EA 10 00 01 01 00 90 05 34 02 00 81 02 1E FC FF FF BA DB
[SIM] heartbeat reply intentionally suppressed; TCP remains connected
[RX] cmd=0x81, seq=0x0003, paramLen=5, time=14:27:08
EA 10 00 01 01 00 90 05 34 03 00 81 02 1E FC FF FF 7B 17
[SIM] heartbeat reply intentionally suppressed; TCP remains connected
[RX] cmd=0x81, seq=0x0004, paramLen=5, time=14:27:18
EA 10 00 01 01 00 90 05 34 04 00 81 02 1E FC FF FF 3A F1
[SIM] heartbeat reply intentionally suppressed; TCP remains connected
[SIM] client disconnected
[SIM] client connected: 127.0.0.1:51685
[RX] cmd=0x01, seq=0x0001, paramLen=28, time=14:27:34
EA 27 00 01 01 00 90 05 34 01 00 01 38 39 38 36 30 38 35 36 31 31 32 34 39 30 32 39 38 36 36 30 02 04 00 00 00 00 00 00 10 69
[TX] cmd=0x01, seq=0x00DF, paramLen=0
EA 0B 00 01 01 00 90 05 34 DF 00 01 38 C6
[RX] cmd=0x81, seq=0x0002, paramLen=5, time=14:27:35
EA 10 00 01 01 00 90 05 34 02 00 81 02 1E FC FF FF BA DB
[SIM] heartbeat reply intentionally suppressed; TCP remains connected
[RX] cmd=0x81, seq=0x0003, paramLen=5, time=14:27:45
EA 10 00 01 01 00 90 05 34 03 00 81 02 1E FC FF FF 7B 17
[SIM] heartbeat reply intentionally suppressed; TCP remains connected
[RX] cmd=0x81, seq=0x0004, paramLen=5, time=14:27:55
EA 10 00 01 01 00 90 05 34 04 00 81 02 1E FC FF FF 3A F1
[SIM] heartbeat reply intentionally suppressed; TCP remains connected
[SIM] client disconnected
[SIM] client connected: 127.0.0.1:51746
[RX] cmd=0x01, seq=0x0001, paramLen=28, time=14:28:11
EA 27 00 01 01 00 90 05 34 01 00 01 38 39 38 36 30 38 35 36 31 31 32 34 39 30 32 39 38 36 36 30 02 04 00 00 00 00 00 00 10 69
[TX] cmd=0x01, seq=0x00E0, paramLen=0
EA 0B 00 01 01 00 90 05 34 E0 00 01 08 CA
[RX] cmd=0x81, seq=0x0002, paramLen=5, time=14:28:12
EA 10 00 01 01 00 90 05 34 02 00 81 02 1E FC FF FF BA DB
[SIM] heartbeat reply intentionally suppressed; TCP remains connected
[RX] cmd=0x81, seq=0x0003, paramLen=5, time=14:28:22
EA 10 00 01 01 00 90 05 34 03 00 81 02 1E FC FF FF 7B 17
[SIM] heartbeat reply intentionally suppressed; TCP remains connected
[RX] cmd=0x81, seq=0x0004, paramLen=5, time=14:28:32
EA 10 00 01 01 00 90 05 34 04 00 81 02 1E FC FF FF 3A F1
[SIM] heartbeat reply intentionally suppressed; TCP remains connected
[SIM] client disconnected
[SIM] client connected: 127.0.0.1:51789
[RX] cmd=0x01, seq=0x0001, paramLen=28, time=14:28:48
EA 27 00 01 01 00 90 05 34 01 00 01 38 39 38 36 30 38 35 36 31 31 32 34 39 30 32 39 38 36 36 30 02 04 00 00 00 00 00 00 10 69
[TX] cmd=0x01, seq=0x00E1, paramLen=0
EA 0B 00 01 01 00 90 05 34 E1 00 01 59 0A
[RX] cmd=0x81, seq=0x0002, paramLen=5, time=14:28:49
EA 10 00 01 01 00 90 05 34 02 00 81 02 1E FC FF FF BA DB
[SIM] heartbeat reply intentionally suppressed; TCP remains connected
[RX] cmd=0x81, seq=0x0003, paramLen=5, time=14:28:59
EA 10 00 01 01 00 90 05 34 03 00 81 02 1E FC FF FF 7B 17
[SIM] heartbeat reply intentionally suppressed; TCP remains connected
[RX] cmd=0x81, seq=0x0004, paramLen=5, time=14:29:09
EA 10 00 01 01 00 90 05 34 04 00 81 02 1E FC FF FF 3A F1
[SIM] heartbeat reply intentionally suppressed; TCP remains connected
[SIM] client disconnected
[SIM] client connected: 127.0.0.1:51874
[RX] cmd=0x01, seq=0x0001, paramLen=28, time=14:29:26
EA 27 00 01 01 00 90 05 34 01 00 01 38 39 38 36 30 38 35 36 31 31 32 34 39 30 32 39 38 36 36 30 02 04 00 00 00 00 00 00 10 69
[TX] cmd=0x01, seq=0x00E2, paramLen=0
EA 0B 00 01 01 00 90 05 34 E2 00 01 A9 0A
[RX] cmd=0x81, seq=0x0002, paramLen=5, time=14:29:27
EA 10 00 01 01 00 90 05 34 02 00 81 02 1E FC FF FF BA DB
[SIM] heartbeat reply intentionally suppressed; TCP remains connected
[RX] cmd=0x81, seq=0x0003, paramLen=5, time=14:29:37
EA 10 00 01 01 00 90 05 34 03 00 81 02 1E FC FF FF 7B 17
[SIM] heartbeat reply intentionally suppressed; TCP remains connected
[RX] cmd=0x81, seq=0x0004, paramLen=5, time=14:29:47
EA 10 00 01 01 00 90 05 34 04 00 81 02 1E FC FF FF 3A F1
[SIM] heartbeat reply intentionally suppressed; TCP remains connected
[SIM] client disconnected
[SIM] client connected: 127.0.0.1:51915
[RX] cmd=0x01, seq=0x0001, paramLen=28, time=14:30:03
EA 27 00 01 01 00 90 05 34 01 00 01 38 39 38 36 30 38 35 36 31 31 32 34 39 30 32 39 38 36 36 30 02 04 00 00 00 00 00 00 10 69
[TX] cmd=0x01, seq=0x00E3, paramLen=0
EA 0B 00 01 01 00 90 05 34 E3 00 01 F8 CA
[RX] cmd=0x81, seq=0x0002, paramLen=5, time=14:30:04
EA 10 00 01 01 00 90 05 34 02 00 81 02 1E FC FF FF BA DB
[SIM] heartbeat reply intentionally suppressed; TCP remains connected
[RX] cmd=0x81, seq=0x0003, paramLen=5, time=14:30:14
EA 10 00 01 01 00 90 05 34 03 00 81 02 1E FC FF FF 7B 17
[SIM] heartbeat reply intentionally suppressed; TCP remains connected
[RX] cmd=0x81, seq=0x0004, paramLen=5, time=14:30:24
EA 10 00 01 01 00 90 05 34 04 00 81 02 1E FC FF FF 3A F1
[SIM] heartbeat reply intentionally suppressed; TCP remains connected
[SIM] client disconnected
[SIM] client connected: 127.0.0.1:51992
[RX] cmd=0x01, seq=0x0001, paramLen=28, time=14:30:40
EA 27 00 01 01 00 90 05 34 01 00 01 38 39 38 36 30 38 35 36 31 31 32 34 39 30 32 39 38 36 36 30 02 04 00 00 00 00 00 00 10 69
[TX] cmd=0x01, seq=0x00E4, paramLen=0
EA 0B 00 01 01 00 90 05 34 E4 00 01 49 0B
[RX] cmd=0x81, seq=0x0002, paramLen=5, time=14:30:41
EA 10 00 01 01 00 90 05 34 02 00 81 02 1E FC FF FF BA DB
[SIM] heartbeat reply intentionally suppressed; TCP remains connected
[RX] cmd=0x81, seq=0x0003, paramLen=5, time=14:30:51
EA 10 00 01 01 00 90 05 34 03 00 81 02 1E FC FF FF 7B 17
[SIM] heartbeat reply intentionally suppressed; TCP remains connected
[RX] cmd=0x81, seq=0x0004, paramLen=5, time=14:31:01
EA 10 00 01 01 00 90 05 34 04 00 81 02 1E FC FF FF 3A F1
[SIM] heartbeat reply intentionally suppressed; TCP remains connected
[SIM] client disconnected
[SIM] client connected: 127.0.0.1:52051
[RX] cmd=0x01, seq=0x0001, paramLen=28, time=14:31:17
EA 27 00 01 01 00 90 05 34 01 00 01 38 39 38 36 30 38 35 36 31 31 32 34 39 30 32 39 38 36 36 30 02 04 00 00 00 00 00 00 10 69
[TX] cmd=0x01, seq=0x00E5, paramLen=0
EA 0B 00 01 01 00 90 05 34 E5 00 01 18 CB
[RX] cmd=0x81, seq=0x0002, paramLen=5, time=14:31:18
EA 10 00 01 01 00 90 05 34 02 00 81 02 1E FC FF FF BA DB
[SIM] heartbeat reply intentionally suppressed; TCP remains connected
[RX] cmd=0x81, seq=0x0003, paramLen=5, time=14:31:28
EA 10 00 01 01 00 90 05 34 03 00 81 02 1E FC FF FF 7B 17
[SIM] heartbeat reply intentionally suppressed; TCP remains connected
[RX] cmd=0x81, seq=0x0004, paramLen=5, time=14:31:38
EA 10 00 01 01 00 90 05 34 04 00 81 02 1E FC FF FF 3A F1
[SIM] heartbeat reply intentionally suppressed; TCP remains connected
[SIM] client disconnected
[SIM] client connected: 127.0.0.1:52096
[RX] cmd=0x01, seq=0x0001, paramLen=28, time=14:31:54
EA 27 00 01 01 00 90 05 34 01 00 01 38 39 38 36 30 38 35 36 31 31 32 34 39 30 32 39 38 36 36 30 02 04 00 00 00 00 00 00 10 69
[TX] cmd=0x01, seq=0x00E6, paramLen=0
EA 0B 00 01 01 00 90 05 34 E6 00 01 E8 CB
[RX] cmd=0x81, seq=0x0002, paramLen=5, time=14:31:55
EA 10 00 01 01 00 90 05 34 02 00 81 02 1E FC FF FF BA DB
[SIM] heartbeat reply intentionally suppressed; TCP remains connected
[RX] cmd=0x81, seq=0x0003, paramLen=5, time=14:32:05
EA 10 00 01 01 00 90 05 34 03 00 81 02 1E FC FF FF 7B 17
[SIM] heartbeat reply intentionally suppressed; TCP remains connected
[RX] cmd=0x81, seq=0x0004, paramLen=5, time=14:32:15
EA 10 00 01 01 00 90 05 34 04 00 81 02 1E FC FF FF 3A F1
[SIM] heartbeat reply intentionally suppressed; TCP remains connected
[SIM] client disconnected
[SIM] client connected: 127.0.0.1:58118
[RX] cmd=0x01, seq=0x0001, paramLen=28, time=15:41:29
EA 27 00 01 01 00 90 05 34 01 00 01 38 39 38 36 30 38 35 36 31 31 32 34 39 30 32 39 38 36 36 30 02 04 00 00 00 00 00 00 10 69
[TX] cmd=0x01, seq=0x00E7, paramLen=0
EA 0B 00 01 01 00 90 05 34 E7 00 01 B9 0B
[RX] cmd=0x81, seq=0x0002, paramLen=5, time=15:41:30
EA 10 00 01 01 00 90 05 34 02 00 81 02 1B FC FF FF BA 17
[SIM] heartbeat reply intentionally suppressed; TCP remains connected
[RX] cmd=0x81, seq=0x0003, paramLen=5, time=15:41:40
EA 10 00 01 01 00 90 05 34 03 00 81 02 1B FC FF FF 7B DB
[SIM] heartbeat reply intentionally suppressed; TCP remains connected
[RX] cmd=0x81, seq=0x0004, paramLen=5, time=15:41:50
EA 10 00 01 01 00 90 05 34 04 00 81 02 1B FC FF FF 3A 3D
[SIM] heartbeat reply intentionally suppressed; TCP remains connected
[SIM] client disconnected
[SIM] client connected: 127.0.0.1:58160
[RX] cmd=0x01, seq=0x0001, paramLen=28, time=15:42:06
EA 27 00 01 01 00 90 05 34 01 00 01 38 39 38 36 30 38 35 36 31 31 32 34 39 30 32 39 38 36 36 30 02 04 00 00 00 00 00 00 10 69
[TX] cmd=0x01, seq=0x00E8, paramLen=0
EA 0B 00 01 01 00 90 05 34 E8 00 01 89 08
[RX] cmd=0x81, seq=0x0002, paramLen=5, time=15:42:07
EA 10 00 01 01 00 90 05 34 02 00 81 02 1B FC FF FF BA 17
[SIM] heartbeat reply intentionally suppressed; TCP remains connected
[RX] cmd=0x81, seq=0x0003, paramLen=5, time=15:42:17
EA 10 00 01 01 00 90 05 34 03 00 81 02 1B FC FF FF 7B DB
[SIM] heartbeat reply intentionally suppressed; TCP remains connected
[RX] cmd=0x81, seq=0x0004, paramLen=5, time=15:42:27
EA 10 00 01 01 00 90 05 34 04 00 81 02 1B FC FF FF 3A 3D
[SIM] heartbeat reply intentionally suppressed; TCP remains connected
[SIM] client disconnected
[SIM] client connected: 127.0.0.1:58217
[RX] cmd=0x01, seq=0x0001, paramLen=28, time=15:42:43
EA 27 00 01 01 00 90 05 34 01 00 01 38 39 38 36 30 38 35 36 31 31 32 34 39 30 32 39 38 36 36 30 02 04 00 00 00 00 00 00 10 69
[TX] cmd=0x01, seq=0x00E9, paramLen=0
EA 0B 00 01 01 00 90 05 34 E9 00 01 D8 C8
[RX] cmd=0x81, seq=0x0002, paramLen=5, time=15:42:43
EA 10 00 01 01 00 90 05 34 02 00 81 02 1B FC FF FF BA 17
[SIM] heartbeat reply intentionally suppressed; TCP remains connected
[RX] cmd=0x81, seq=0x0003, paramLen=5, time=15:42:54
EA 10 00 01 01 00 90 05 34 03 00 81 02 1B FC FF FF 7B DB
[SIM] heartbeat reply intentionally suppressed; TCP remains connected
[RX] cmd=0x81, seq=0x0004, paramLen=5, time=15:43:04
EA 10 00 01 01 00 90 05 34 04 00 81 02 1B FC FF FF 3A 3D
[SIM] heartbeat reply intentionally suppressed; TCP remains connected
[SIM] client disconnected
